time_sec,VehicleSpeed_mph,EngineSpeed_rpm,EngineTorque,AccelPedalPos,BrakePedalPos,TurnSignal,Latitude_deg,Longitude_deg,Altitude,Distance,SteerAngle,TransmissionGear,SPaT_signal,SPaT_dist
0,23.83810759,2321.373607,181.9439247,19.97801667,0,0,40.58151878,-105.077463,150756.7639,0,1.263648202,4,3,118.7411858
1,25.18364449,1888.784906,63.5,12.549024,0,0,40.58151717,-105.0775842,150738.4195,10.24152544,-1.32681803,5,3,108.4996603
2,25.59289867,1932.336262,46.94205238,5.007142739,0,0,40.58151728,-105.0777143,150713.0912,21.22298269,5.184268615,5,3,97.51820308
3,25.48339643,1398.94909,-8.576611529,0,0,0,40.58151824,-105.0778468,150712.361,32.41597884,3.688520338,6,3,86.32520693
4,24.90435528,1379.24203,-19,0,0,0,40.58151892,-105.0779784,150703.9482,43.53516633,4.186379016,6,3,75.20601944
5,23.94624287,1275.261094,-15.92791405,0,14.901966,0,40.58151932,-105.0781071,150690.9986,54.39966833,5,6,3,64.34151744
6,21.58532694,1184.636439,-14,0,21.960792,0,40.58151929,-105.0782306,150685.5395,64.8327077,4.686271624,6,3,53.90847807
7,18.7285103,1387.11445,-14,0,21.960792,0,40.58151886,-105.078344,150658.168,74.4082494,4.4375,5,3,44.33293638
8,15.83142428,1172.25,-15,0,22.352949,0,40.5815183,-105.0784431,150632.249,82.77313022,4.25,5,3,35.96805555
9,12.34156502,1170.360266,-4.938458892,0,25.098048,0,40.5815179,-105.0785259,150618.6407,89.76484758,-3.001844105,4,3,28.97633819
10,8.332338418,870.5,3.510814935,0,26.274519,0,40.58151778,-105.0785909,150638.8698,95.26187489,3.6875,3,3,23.47931088
11,3.952376851,800.0054243,10.5,0,26.274519,0,40.58151793,-105.0786358,150674.0881,99.04627054,4.0625,1,3,19.69491523
12,0.98894314,708.5441955,20.47556942,0,23.921577,0,40.58151806,-105.0786594,150699.1297,101.0418533,-1.3125,1,3,17.69933245
13,0,722.061684,16.47912902,0,23.921577,0,40.58151806,-105.0786667,150697.9313,101.6609063,-1.306040687,1,3,17.08027947
14,0,0,-19.5,0,23.921577,0,40.58151806,-105.0786673,150727.3144,101.7131079,-1.25,1,3,17.02807783
15,0,0,-19.5,0,23.921577,0,40.58151806,-105.0786676,150756.4483,101.7315327,-1.25,1,3,17.00965304
16,0,0,-19.5,0,23.921577,0,40.58151806,-105.0786678,150739.8893,101.7499575,-1.3125,1,3,16.99122825
17,0,0,-19.5,0,23.921577,0,40.58151806,-105.078668,150734.1973,101.7683823,-0.8125,1,3,16.97280346
18,0,712.3438738,-5.989545193,0,0,0,40.58151806,-105.0786682,150742.3531,101.7868071,0.068039339,1,3,16.95437867
19,0.729201578,686.9605597,8.509483019,0,0,0,40.58151806,-105.078669,150754.4823,101.8558992,2.881082096,1,1,16.8852866
20,0.75003269,734.1962925,9.98738105,0,6.782246985,0,40.58151806,-105.0786726,150766.867,102.1566603,0.5625,1,1,16.58452546
21,2.414415108,1342.637114,115.9830956,19.215693,0,0,40.58151806,-105.0786783,150793.4383,102.6368443,1.1875,1,1,16.1043415
22,8.064978447,2086.978886,171.4568067,22.352949,0,0,40.58151806,-105.0786926,150833.4694,103.8493653,3.0625,1,1,14.89182043
23,13.66397081,2789.858849,140.6110391,21.960792,0,0,40.58151836,-105.0787315,150856.8528,107.133936,5.102291138,1,1,11.60724978
24,17.53292572,2524.237728,153,22.352949,0,0,40.58151892,-105.0787991,150861.5412,112.8389513,0.25,2,1,5.902234433
25,20.5056174,2599.749885,110.8895806,23.52942,0,0,40.58151963,-105.0788885,150869.0051,120.3939687,7.184550622,2,3,157.066818
26,24.08754291,2299.230609,156.5,23.52942,0,0,40.58152031,-105.0789951,150862.1054,129.3933541,10.06183999,4,3,148.0674327
27,27.07155961,2334.540339,117.6774094,22.745106,0,0,40.58151979,-105.0791182,150840.217,139.7898061,7.003478339,4,3,137.6709807
28,28.70266743,2144.196341,92.48656555,16.078437,0,0,40.58151779,-105.0792564,150804.0008,151.4669105,1.058292463,5,3,125.9938763
29,29.41480223,1962.879004,9.287942488,7.450983,0,0,40.58151545,-105.079404,150790.17,163.9289958,2.753320423,5,3,113.531791
30,29.25139301,1645.511908,-8.5,0,5.882355,0,40.58151354,-105.0795557,150809.8648,176.7462027,3.625717493,6,3,100.714584
31,28.20127633,1569.722652,-20.5,0,10.196082,0,40.58151247,-105.0797068,150786.0273,189.5088899,3.312970508,6,3,87.95189683
32,26.96530635,1504.486404,-21,0,12.156867,0,40.58151222,-105.0798531,150789.3616,201.8612976,3.127200536,6,3,75.59948921
33,25.69530079,1393.210959,-19,0,16.38941843,0,40.58151253,-105.0799939,150833.8288,213.7553509,4.747707097,6,1,63.70543584
34,23.24704986,1273.5,-16.5,0,21.960792,0,40.58151293,-105.080127,150821.8989,224.9944059,4.690903546,6,1,52.4663809
35,19.69801351,1324.236703,-8.14607896,0,16.89421572,0,40.58151306,-105.0802477,150818.4894,235.1828125,3.501342642,5,1,42.27797431
36,19.5828726,1630.855954,132.8042482,16.470594,0,0,40.58151306,-105.0803537,150768.4792,244.1404873,0.710905112,5,1,33.32029947
37,21.75354614,1791.835202,182.5838287,21.568635,0,0,40.58151321,-105.0804566,150728.6727,252.8247248,3.439828961,5,1,24.63606195
38,24.50010729,1929.422618,161,21.176478,0,0,40.58151379,-105.0805693,150762.0807,262.3456363,6.002085946,5,1,15.11515043
39,26.76749761,2035.93507,149.5819887,21.176478,0,0,40.58151447,-105.080695,150754.5458,272.9604943,2.625,5,1,4.500292519
40,28.65818421,1667.690652,149.9247627,21.960792,0,0,40.58151549,-105.0808366,150679.4991,284.9148993,2.745959194,6,3,149.9095444
41,30.24376701,1689.027813,107.2669627,16.078437,0,0,40.58151626,-105.0809873,150644.8312,297.648893,4,6,3,137.1755507
42,30.6666048,1823.932795,63.07926795,12.941181,0,0,40.58151669,-105.0811426,150700.251,310.7594628,3.875,6,3,124.0649809
43,30.65085481,1754.867772,6.658897586,0,0,0,40.58151725,-105.0813022,150753.0231,324.2429964,5.3125,6,3,110.5814474
44,30.12865747,1688.074981,-16,0,0,0,40.58151781,-105.0814616,150737.1996,337.6974108,4.934847639,6,3,97.12703292
45,28.95107925,1612.916392,-22.5,0,12.549024,0,40.58151806,-105.0816171,150682.9225,350.8374807,3.8125,6,3,83.98696305
46,27.2945908,1502.496545,-10.5,13.22223292,0,0,40.58151806,-105.0817669,150649.5112,363.484495,8.628045535,6,1,71.33994877
47,27.46376224,1650.638745,99.15800971,16.078437,0,0,40.58151744,-105.0819106,150652.15,375.6190566,2.5,6,1,59.20538716
48,28.14332744,1682.803777,105,19.60785,0,0,40.58151649,-105.0820527,150679.5403,387.6233765,0.632935764,6,1,47.2010672
49,29.25268219,1729.471099,137.3456504,0,0,0,40.581519,-105.0822002,150736.3463,400.0826615,5.366738593,6,1,34.74178225
50,29.27943343,1636.025302,10.59174144,0,0,0,40.58152169,-105.0823526,150702.7921,412.9561126,3.121210763,6,1,21.86833112
51,28.85151005,1611.581163,-0.5,5.965636264,0,0,40.58152256,-105.0825052,150595.4667,425.8484391,3.379036997,6,1,8.976004614
52,29.39599849,1711.27903,91,16.078437,0,0,40.58152352,-105.0826569,150556.267,438.6564682,9.302210366,6,3,130.5983875
53,30.27135575,1737.89039,138,18.823536,0,0,40.58152389,-105.0828098,150659.8758,451.5707409,4.192486728,6,3,117.6841148
54,31.31391164,1772.25,125.5,18.823536,0,0,40.58152374,-105.0829671,150790.9196,464.8539205,3.0625,6,3,104.4009352
55,31.87581246,1836.724558,74.22391515,14.901966,0,0,40.58152346,-105.0831296,150830,478.5825888,1.5625,6,3,90.67226692
56,32.35012769,1942.043936,84.11019629,16.77632251,0,0,40.58152364,-105.0832957,150828.9071,492.602592,5.369922999,6,3,76.65226371
57,32.81235956,2016.857598,82.7307546,16.862751,0,0,40.58152389,-105.0834635,150801.3345,506.7781089,5.619668036,6,3,62.47674676
58,33.2354109,1543.756414,90.76930049,18.431379,0,0,40.58152542,-105.0836359,150746.5931,521.3344295,7.698585307,6,3,47.92042617
59,33.98295808,1340.476704,164.5099434,20.29607443,0,0,40.58152529,-105.0838102,150805.2681,536.0569389,-0.297489031,7,3,33.19791681
60,34.63527758,1358.50293,175.5,20.392164,0,0,40.5815231,-105.0839863,150949.3606,550.9365255,2.692712245,7,3,18.31833025
61,35.26725774,1358.781351,128.817126,16.862751,0,0,40.58152192,-105.0841668,151021.9115,566.1755256,1.677438736,7,3,3.079330118
62,35.54122785,1388.276102,100.1672532,16.078437,0,0,40.58152167,-105.0843502,151024.429,581.668184,2.478076891,7,3,304.4977829
63,35.78708603,1391.798204,86,15.294123,0,0,40.58152228,-105.0845352,150997.025,597.2908899,3.551688703,7,3,288.8750769
64,35.99476615,1394.486966,49.82251892,9.411768,0,0,40.58152354,-105.0847235,150994.5799,613.1952676,3.380453227,7,3,272.9706993
65,35.84130481,1518.57768,43.25776142,9.411768,0,0,40.58152463,-105.0849121,151024.2088,629.1223164,4.306877836,7,3,257.0436504
66,35.40034357,1424.829329,-3,2.352942,0,0,40.58152561,-105.0850981,151022.3059,644.8254312,3.255825321,7,3,241.3405357
67,35.0660857,1503.807423,34.5,6.274512,0,0,40.58152688,-105.085283,150895.8288,660.447291,-0.381137496,7,3,225.7186759
68,34.8791529,1490.441412,33.5,6.274512,0,0,40.5815295,-105.0854665,150809.1604,675.94084,-12.61332685,7,3,210.2251269
69,34.39493324,1473.5,34,5.098041,0,0,40.58153674,-105.0856463,150891.4406,691.1522573,-10.11012051,7,3,195.0137095
70,34.27655823,1449.222095,37,11.76471,0,0,40.58155262,-105.0858246,150970.5229,706.3222557,-10.76231256,7,3,179.8437111
71,34.33542719,1510.023163,72.5,12.941181,0,0,40.58157647,-105.0860013,150958.0586,721.485847,7.340847927,7,1,164.6801199
72,34.52851212,1515.710008,71.5,15.68628,0,0,40.58160292,-105.0861763,150926.7627,736.5551251,23.56904479,7,1,149.6108418
73,34.62808365,1546.542977,107.0203118,21.176478,0,0,40.58162551,-105.0863562,150935.8216,751.9563638,16.90219905,7,1,134.2096031
74,35.85237246,1490.334373,204.2939593,22.745106,0,0,40.58163877,-105.0865395,150977.6697,767.5134276,13.25682171,7,1,118.6525393
75,36.98101439,1483.931955,193,22.745106,0,0,40.58164404,-105.0867258,151034.8866,783.2625998,4.180029026,7,1,102.9033671
76,37.79914975,1466.935137,85.90406394,15.68628,0,0,40.58164666,-105.086918,151096.0512,799.4924258,4.1875,7,1,86.67354109
77,37.95449756,1610.985832,123.2941846,19.215693,0,0,40.5816496,-105.0871137,151123.5391,816.022135,5.658069144,7,1,70.14383184
78,38.45804463,1626.832578,146.5,20.392164,0,0,40.58165308,-105.0873116,151156.9175,832.7423468,5.319984795,7,1,53.4236201
79,39.19133165,1573.157321,141.2958584,20.000007,0,0,40.58165654,-105.0875123,151222.2662,849.6971568,7.454445975,7,1,36.46881009
80,39.4570585,1562.314884,126.5,19.60785,0,0,40.58166034,-105.0877173,151242.6836,867.0139071,5.007890322,7,1,19.15205978
81,39.95578594,1565.329205,106.5,18.039222,0,0,40.58166298,-105.0879235,151146.2822,884.4284773,4.632994183,7,1,1.737489528
82,40.34294123,1578.731452,99,17.647065,0,0,40.58166407,-105.0881319,151068.7459,902.0335003,5.195860315,7,3,651.1167681
83,40.43903718,1564.012002,70,15.294123,0,0,40.58166475,-105.0883417,151148.1727,919.7478157,5.1875,7,3,633.4024527
84,40.37469938,1713.414057,65,15.294123,0,0,40.58166515,-105.0885521,151176.2764,937.5138449,4.758736273,7,3,615.6364236
85,40.45311746,1725.889328,56.72651038,13.725495,0,0,40.58166558,-105.0887627,151193.0142,955.2990925,3.615508144,7,3,597.851176
86,40.00975176,1571.75,-15.77173979,0,0,0,40.58166736,-105.0889743,151308.3581,973.1728713,4.741013676,7,3,579.9773972
87,39.73223919,1677.096286,34,8.235297,0,0,40.58166938,-105.0891846,151343.4306,990.9341378,3.375,7,3,562.2161307
88,39.51473127,1692.902678,46.29947968,12.941181,0,0,40.58167107,-105.0893914,151335.0089,1008.399229,4.634568949,7,3,544.7510398
89,39.16255221,1715.65874,69.76166519,14.901966,0,0,40.58167332,-105.0895977,151272.1454,1025.820381,3.625,7,3,527.3298871
90,39.46047532,1720.75,80.23255255,16.862751,0,0,40.58167551,-105.0898022,151215.4134,1043.09949,4.0625,7,3,510.0507786
91,39.48044067,1672.930925,81,14.117652,0,0,40.58167776,-105.0900073,151211.9021,1060.419139,4.25,7,3,492.7311295
92,39.39264034,1664.099998,80,17.647065,0,0,40.58168026,-105.0902131,151182.287,1077.796895,2.8125,7,3,475.3533739
93,39.4147371,1616.898536,94.35191856,18.823536,0,0,40.58168321,-105.0904184,151168.3969,1095.14146,3.5,7,3,458.0088088
94,39.48842642,1597.906091,105.9955818,16.862751,0,0,40.58168655,-105.0906243,151205.9286,1112.531682,1.239342544,7,3,440.6185866
95,39.49080408,1539.784275,88.24942114,16.862751,0,0,40.58169063,-105.0908301,151298.6489,1129.917006,0.448424244,7,3,423.2332628
96,39.4124757,1532.717212,87.00504345,16.078437,0,0,40.58169672,-105.0910359,151363.1385,1147.312515,4.573359357,7,3,405.8377531
97,39.2313892,1627.190361,55.5,13.725495,0,0,40.58170409,-105.0912425,151413.4606,1164.782836,8.19865988,7,3,388.3674324
98,38.80656073,1655.95238,85.99768681,16.078437,0,0,40.58170977,-105.0914476,151413.9976,1182.112648,5.221389476,7,3,371.0376203
99,38.74861395,1649.475,85.21216394,16.470594,0,0,40.58171334,-105.0916506,151366.8408,1199.261095,5.5,7,3,353.8891732
100,38.65694595,1638.642905,97.78296643,22.15169929,0,0,40.58171654,-105.0918525,151363.262,1216.315722,5.75,7,3,336.8345464
101,39.07107546,1615.516672,171.7616573,22.352949,0,0,40.58171957,-105.0920547,151368.2182,1233.394228,4.238162228,7,3,319.7560405
102,39.81825587,1543.025126,149.4475972,20.000007,0,0,40.5817225,-105.0922586,151409.2706,1250.616043,2.788550228,7,3,302.5342253
103,39.88757187,1557.232617,117.5,19.215693,0,0,40.58172631,-105.0924664,151476.0298,1268.166644,5.788016992,7,3,284.9836241
104,40.09538958,1562.369399,102.797784,17.647065,0,0,40.5817297,-105.092676,151534.2556,1285.878297,4.1875,7,3,267.2719719
105,40.35565871,1564.967889,70,15.68628,0,0,40.5817322,-105.0928853,151561.925,1303.554307,4.450132723,7,3,249.5959618
106,40.3577409,1703.369776,66,15.294123,0,0,40.58173424,-105.0930954,151543.7485,1321.29479,5.225603941,7,3,231.8554783
107,40.02333312,1585.853666,-9.411754781,0,0,0,40.58173561,-105.0933063,151551.2401,1339.111835,3.349170549,7,3,214.0384331
108,39.34242669,1514.017635,-25,0,0,0,40.58173713,-105.0935274,151560.9677,1357.784402,3.786369591,7,3,195.365866
109,38.39715038,1592.998884,26.71603456,7.450983,0,0,40.58173908,-105.0937291,151542.1967,1374.818179,4.549183378,7,3,178.332089
110,38.54609086,1495.378496,33.5,7.84314,0,0,40.58174107,-105.0939241,151584.0452,1391.284036,4.611573491,7,3,161.8662328
111,38.09027118,1479.894407,27.98335905,0.465367709,0,0,40.58174301,-105.0941249,151672.0865,1408.247426,4.5625,7,3,144.9028422
112,37.44756716,1440.560638,-18.19397763,0,0,1,40.58174496,-105.0943237,151724.1173,1425.038427,4,7,3,128.1118417
113,36.26531384,1395.642977,-38.5,0,14.509809,1,40.58174705,-105.094519,151718.1451,1441.528715,4.076709566,7,3,111.6215536
114,34.3601859,1309.29641,-39,0,21.568635,1,40.58174927,-105.094708,151692.761,1457.489175,4.173266082,7,3,95.66109397
115,30.7432047,1137.622929,-38.5,0,25.5853203,1,40.58175119,-105.0948863,151666.1876,1472.547064,5.45640403,7,3,80.60320424
116,26.18271059,1290.069869,-38.5,0,26.274519,1,40.5817524,-105.0950469,151668.8371,1486.112746,4.9375,6,3,67.0375229
117,21.67735934,1235.659151,-38,0,26.274519,1,40.58175293,-105.0951855,151645.2254,1497.817917,3.375,6,3,55.33235179
118,17.17663188,1265.983967,-38.5,0,26.274519,1,40.58175306,-105.0953004,151571.5705,1507.521525,1.5,5,3,45.6287435
119,12.29702164,914.3531817,-37.5,0,27.058833,1,40.58175321,-105.0953914,151572.14,1515.209832,3.077823928,5,3,37.9404367
120,7.833129054,792.038427,-1.823341365,0,25.098048,1,40.58175333,-105.0954576,151620.3491,1520.798605,-0.047146997,1,3,32.35166316
121,3.844246382,723.9423936,8.827995521,0,25.882362,1,40.58175349,-105.0955005,151642.4355,1524.419683,0.125,1,3,28.73058573
122,0.914998049,674.8621589,19.17038341,0,21.568635,1,40.58175361,-105.0955227,151680.5772,1526.297902,0.25,1,3,26.85236691
123,0,696.7433921,17.66965621,0,22.352949,1,40.58175361,-105.0955297,151719.164,1526.884045,0.140674436,1,3,26.26622327
124,0,0,-19,0,22.51768552,1,40.58175361,-105.0955301,151711.9257,1526.919789,0.203401877,1,3,26.23047905
125,0,0,-19.5,0,22.745106,1,40.58175361,-105.0955303,151693.1711,1526.941671,-0.108919493,1,3,26.20859753
126,0,0,-19.5,0,22.52170477,1,40.58175361,-105.0955306,151687.3852,1526.963552,0.3125,1,3,26.186716
127,0,730.2153124,-6.666265774,0,0,1,40.58175361,-105.0955309,151681.6935,1526.985434,-0.421112961,1,3,26.16483448
128,0.482447703,716.3462237,6.662385149,0,13.60764357,1,40.58175361,-105.0955318,151682.3043,1527.063126,-1,1,3,26.08714218
129,0,751.0308597,8,0,16.078437,1,40.58175361,-105.095534,151700.0359,1527.248313,0.045802567,1,3,25.90195531
130,0,674.7959099,20.66610904,0,17.31752661,1,40.58175361,-105.0955347,151716.8694,1527.313561,-0.857261918,1,3,25.83670701
131,0,671.3186379,23,0,17.647065,1,40.58175361,-105.095535,151718.8346,1527.332699,0.142980103,1,3,25.81756931
132,0,654.8660896,28.83963321,0,18.039222,1,40.58175361,-105.0955352,151715.3746,1527.351837,0.142954886,1,1,25.7984316
133,0,675.4797034,25.34399582,0,17.647065,1,40.58175361,-105.0955354,151714.5409,1527.370975,0.125,1,1,25.7792939
134,0.275253431,886.7437168,89.41385807,14.509809,0,1,40.58175361,-105.0955357,151717.1642,1527.390112,0.125,1,1,25.76015619
135,4.223919075,1654.605938,130.7943751,21.568635,0,1,40.58175361,-105.0955396,151715.7584,1527.722066,-0.518102775,1,1,25.42820236
136,9.915864259,2197.625956,163.8607082,20.784321,0,1,40.58175391,-105.0955612,151715.1641,1529.545275,2.076384795,1,1,23.60499362
137,13.35687575,2354.147422,15.36861765,7.450983,0,1,40.58175432,-105.0956094,151733.8347,1533.619649,44.96595263,1,3,19.53061985
138,14.56656121,2048.264551,75.23106656,10.588239,0,1,40.58175261,-105.095676,151749.0817,1539.250944,104.8791354,2,3,13.89932404
139,15.52854254,1632.295486,34.76340645,11.47697779,0,1,40.58174197,-105.0957493,151749.4581,1545.581669,167.6570334,2,3,7.568599663
140,17.22509414,1648.229401,122.8763578,16.862751,0,1,40.58171206,-105.0958186,151759.4046,1552.429766,156.9485711,4,3,0.72050213
141,19.80775942,1979.212723,185.8823655,21.960792,0,1,40.58165454,-105.0958719,151793.9355,1560.395316,74.54547857,4,1,385.3865898
142,22.63156415,1711.595637,186.5,22.352949,0,0.528423434,40.5815814,-105.0958977,151799.8882,1568.8566,48.58184687,5,1,376.9253054
143,25.30839806,1906.447669,171,22.745106,0,0,40.58149625,-105.0959047,151793.0874,1578.366729,13.91780251,5,1,367.415177
144,27.7306771,2093.487197,156.5,22.745106,0,0,40.58139664,-105.0959001,151772.7492,1589.452818,7.209987053,5,1,356.3290874
145,29.62934072,2068.732602,129.3402928,22.745106,0,0,40.58128773,-105.0958906,151765.8602,1601.590906,6.9375,5,1,344.1909997
146,31.47881558,1778.584039,168,22.745106,0,0,40.58117085,-105.0958796,151725.5433,1614.62031,3.4375,6,1,331.1615962
147,33.15807796,1878.455139,161.5950665,22.745106,0,0,40.58104928,-105.0958764,151661.5136,1628.152783,-0.478759182,6,1,317.6291227
148,34.64064048,1946.378978,130.5,20.784321,0,0,40.58092031,-105.0958737,151623.6321,1642.502239,4.77135637,6,1,303.2796665
149,35.72811635,2015.280416,132.1464988,21.568635,0,0,40.58078317,-105.0958664,151673.7876,1657.764138,-4.25,6,1,288.0177676
150,36.99412972,1447.041807,204,24.705891,0,0,40.58064187,-105.0958617,151764.2701,1673.48147,2.624552291,7,1,272.3004356
151,38.25001604,1489.488999,192.3351054,21.50397044,0,0,40.5804873,-105.0958656,151855.3594,1690.678412,3.915335356,7,1,255.1034936
152,39.10002062,1519.497731,139,20.000007,0,0,40.58033828,-105.0958687,151878.8906,1707.254172,3.373651002,7,1,238.5277335
153,39.34342561,1535.888119,60.5,14.117652,0,0,40.58018952,-105.095868,151852.1947,1723.794893,3.607694444,7,1,221.9870128
154,39.38764194,1731.147512,114.0747113,20.000007,0,0,40.58003301,-105.0958679,151804.2325,1741.198631,1.789774847,7,1,204.5832748
155,39.69152503,1703.602488,69,15.294123,0,0,40.57987612,-105.0958737,151783.396,1758.654979,2.27312799,7,1,187.1269272
156,39.83367816,1594.5,-0.342881816,0,0,0,40.57971075,-105.09588,151880.6354,1777.053174,1.97694188,7,1,168.7287321
157,39.19987838,1515.25,-17.46196677,0,0,0,40.57955611,-105.0958839,151949.2947,1794.251679,1.335496346,7,1,151.5302272
158,38.6269859,1484.566259,-38,0,0,0,40.57940622,-105.0958898,151945.146,1810.926795,3.60178945,7,1,134.8551109
159,37.92801361,1459,-38,0,0,0,40.57925239,-105.0959019,151941.4378,1828.065303,4.335813079,7,1,117.7166023
160,37.22583493,1426.533232,-37.5,0,0,0,40.57910131,-105.0959137,151860.3329,1844.896996,10.8125,7,1,100.8849098
161,36.55143721,1401.75,-37.5,0,0,0,40.57895352,-105.0959196,151754.687,1861.339496,6.82782883,7,1,84.44241023
162,35.81163562,1367.119442,-37.5,0,0,0,40.57880799,-105.0959222,151789.6673,1877.522952,4.875,7,1,68.25895427
163,35.11260464,1343.827525,-37.5,0,0.487604425,0,40.57866534,-105.0959237,151814.0248,1893.385833,2.538919559,7,1,52.39607277
164,34.28846739,1307.677049,-37.5,0,16.5964189,0,40.57852521,-105.0959289,151718.1931,1908.975037,4.024615304,7,1,36.80686863
165,31.23717012,1182.431958,-37.5,0,25.490205,0,40.57838995,-105.0959339,151690.57,1924.022673,4.149797251,7,1,21.75923292
166,28.74804224,1284.000286,-37.5,0,10.588239,0,40.57826487,-105.0959364,151780.6245,1937.93211,4.287659846,6,1,7.849795309
167,26.90338051,1498.971216,-37.5,0,20.000007,0,40.57814941,-105.0959389,151850.4121,1950.773031,4.4375,6,1,180.70543
168,23.65865439,1314.201016,-37.5,0,23.29767626,0,40.57804249,-105.0959412,151827.3278,1962.663365,6.087973531,6,1,168.8150963
169,22.35979724,1239.698415,-37.5,0,0,0,40.57794569,-105.0959431,151785.4732,1973.428115,5.150641289,6,1,158.0503467
170,21.38315463,1192.419961,-8.945589122,3.137256,0,0,40.57785632,-105.0959447,151802.3458,1983.366098,3.275957647,6,1,148.1123632
171,20.91010927,1166.879164,-7.530743343,0,0,0,40.57777065,-105.0959462,151842.67,1992.89355,-0.322878517,6,1,138.5849119
172,20.18178683,1011.897817,-13,0,0,0,40.57768744,-105.0959482,151813.9597,2002.147689,4.625,6,1,129.3307722
173,19.25895507,1169.680538,-5.464039674,0,0,0,40.57760717,-105.0959504,151823.9462,2011.075591,4.802661712,6,2,120.4028703
174,18.13840224,1342.864286,-13.5,0,0,0,40.57753041,-105.0959525,151872.3619,2019.611822,3.78613808,5,2,111.8666399
175,17.28936934,1282.753131,-7.496193432,1.568628,0,0,40.57745749,-105.0959544,151911.1787,2027.721942,3.516881218,5,2,103.7565197
176,17.59506313,1514.269152,132.6384398,19.60785,0,0,40.57738808,-105.0959567,151953.9439,2035.443277,4.3125,5,2,96.03518491
177,19.95877732,1521.12788,145.435105,17.254908,0,0,40.57731678,-105.0959591,151992.8084,2043.373387,5.722745997,5,2,88.10507502
178,21.86023403,1661.718837,130.559803,17.254908,0,0,40.5772381,-105.0959618,152014.6322,2052.124907,5.366437495,5,2,79.35355501
179,23.43386285,1785.129302,122.9230143,17.254908,0,0,40.57715145,-105.0959646,152026.9116,2061.763003,5.303802522,5,2,69.71545827
180,24.72035973,1503.845162,101.5,17.254908,0,0,40.57705652,-105.0959711,152040.3725,2072.335922,7.9375,5.61973414,2,59.14253971
181,25.95928571,1473.775425,135,17.254908,0,0,40.57695685,-105.0959765,152021.0416,2083.43092,7.092030178,6,2,48.04754177
182,27.39992323,1555.371217,131.4117971,17.254908,0,0,40.57685429,-105.0959784,151987.8795,2094.836787,2.6875,6,2,36.64167416
183,28.68522614,1632.480003,125,18.039222,0,0,40.57674603,-105.0959802,152014.1096,2106.875609,-0.370722473,6,2,24.60285298
184,30.03470294,1707.601272,120,18.039222,0,0,40.57663179,-105.095983,152039.4183,2119.580554,5.25,6,2,11.89790741
185,31.24823815,1805.027841,95.57249282,16.470594,0,0,40.5765127,-105.0959866,152051.5751,2132.826643,4.69024998,6,2,210.1431165
186,32.14760263,1871.572015,81.5,10.196082,0,0,40.57638906,-105.0959905,152083.0068,2146.579078,5.127753268,6,2,196.3906814
187,32.41809014,1481.24473,20.30676208,0,0,0,40.57626209,-105.0959944,152065.8403,2160.70048,10.28254843,6,2,182.2692792
188,32.55181883,1266,-12.5,0,0,0,40.57613075,-105.0959956,152010.129,2175.306689,5.282516108,7,2,167.6630706
189,31.85497267,1222.311025,-21.09869753,0,0,0,40.57600119,-105.0959959,152018.0792,2189.71312,2.344359314,7,2,153.256639
190,31.58907303,1253.134684,11.32085544,7.84314,0,0,40.57587501,-105.0959972,152036.3206,2203.744536,3.468279251,7,2,139.2252233
191,31.51516041,1227.520601,43.82918457,9.803925,0,0,40.57574927,-105.0959987,152028.9016,2217.726988,2.75,7,2,125.2427716
192,31.93364139,1412.610294,107.3141336,15.294123,0,0,40.57562388,-105.0960007,152055.7539,2231.670416,6.09439149,7,2,111.2993433
193,32.9559387,1364.919389,115.5,14.97225809,0,0,40.57549659,-105.0960029,152024.7036,2245.825262,2.875,7,2,97.14449748
194,33.47636263,1402.786214,64.5,12.549024,0,0,40.57536621,-105.0960053,151940.3676,2260.324909,4.498318769,7,2,82.64485047
195,34.04012545,1441.5,62.58088402,12.549024,0,0,40.57523316,-105.0960079,151900.379,2275.120513,4.8125,7,2,67.84924685
196,34.55623487,1459.954778,60.40550438,12.549024,0,0,40.57509776,-105.0960104,151932.7438,2290.177856,4.844579269,7,2,52.79190379
197,34.99859116,1466.917707,56.5,12.549024,0,0,40.57496037,-105.096012,151909.0768,2305.456097,2.467488744,7,2,37.51366273
198,35.1422729,1472.027527,55,12.549024,0,0,40.57481981,-105.0960117,151879.4032,2321.085943,0.719134675,7,2,21.88381645
199,35.56178407,1498.75,69,14.117652,0,0,40.57467893,-105.096013,151908.1387,2336.752421,7.5625,7,2,6.217338657
200,35.72197332,1491.592532,68.61257031,13.725495,0,0,40.57453835,-105.0960146,151880.475,2352.385027,6.032549161,7,2,448.2543518
201,35.90799421,1502.31802,82.5,16.078437,0,0,40.57439635,-105.0960146,151849.1658,2368.174719,3.240011601,7,2,432.4646596
202,36.26340263,1541.963031,86.75281751,16.078437,0,0,40.57425338,-105.0960146,151828.7979,2384.07171,5.094882648,7,2,416.5676688
203,36.31333408,1413.385169,55,12.941181,0,0,40.57410896,-105.0960147,151792.525,2400.130364,4.72023674,7,2,400.5090148
204,36.22398752,1403,40.5,10.980396,0,0,40.57396406,-105.0960149,151817.4601,2416.243253,1.875,7,2,384.3961262
205,35.98899717,1392.595909,41,10.196082,0,0,40.57381987,-105.0960158,151839.0698,2432.276878,5.345356165,7,2,368.3625003
206,35.6807979,1510.448041,37.871282,9.019611,0,0,40.5736766,-105.0960175,151836.011,2448.208299,6.875,7,2,352.4310797
207,35.59387974,1526.913646,36.5,9.019611,0,0,40.57353428,-105.0960194,151806.5717,2464.034507,7.574562372,7,2,336.6048719
208,35.42785592,1516.75,37,9.019611,0,0,40.57339249,-105.0960206,151805.3251,2479.801406,2.824411069,7,2,320.8379725
209,35.25309533,1513.75,37.87194347,9.019611,0,0,40.57325161,-105.096019,151805.1108,2495.467224,1.625,7,2,305.1721551
210,35.1110062,1272.773922,-10.5,0,0,0,40.57311129,-105.0960169,151790.8972,2511.071424,3.1875,7,2,289.5679546
211,34.2138071,1281.153612,-37.8654354,0,0,0,40.57297245,-105.0960162,151816.6794,2526.510298,3.5,7,2,274.1290809
212,33.40647823,1251.903842,-41.5,0,0,0,40.57283514,-105.0960157,151862.9857,2541.778094,4.25,7,2,258.8612852
213,32.57200809,1239.242335,-48.5,0,0,0,40.57270029,-105.0960159,151883.2207,2556.773366,5.346883192,7,2,243.8660125
214,31.46264034,1207.547487,-48.5,0,0,0,40.57257029,-105.0960168,151877.3044,2571.228305,4.431437005,7,2,229.4110733
215,30.9019578,1183.462458,-47,0,0,0,40.57244384,-105.0960178,151898.254,2585.28887,4.5625,7,2,215.3505082
216,30.76600757,1194.333662,53.54083974,11.372553,0,0,40.57231987,-105.0960188,151921.8037,2599.074856,4.4375,7,2,201.5645225
217,31.10952798,1273.77005,111.1562497,14.901966,0,0,40.57219736,-105.0960198,151878.5444,2612.696984,4.619595888,7,2,187.9423948
218,31.82694442,1261.539822,107.5,14.901966,0,0,40.57207344,-105.0960207,151855.2535,2626.476261,11.29434688,7,2,174.1631178
219,32.38808958,1272.398995,114.8360982,16.078437,0,0,40.57194701,-105.0960208,151872.2518,2640.535673,0.125,7,2,160.103706
220,32.8863694,1288.066936,114.5,16.078437,0,0,40.57181787,-105.0960215,151864.678,2654.895693,4.785930335,7,2,145.7436854
221,33.80752297,1473.887073,210.5,23.137263,0,0,40.5716871,-105.0960234,151902.2597,2669.436779,6.875,7,2,131.2025995
222,34.93514876,1446.520839,146.1729689,18.823536,0,0,40.57155306,-105.0960251,151922.7531,2684.341978,3.6875,7,2,116.2974004
223,35.69929484,1413.311048,142,18.823536,0,0,40.57140672,-105.0960259,151914.3316,2700.615353,5,7,2,100.0240257
224,36.17646353,1404.330042,93.58717215,15.294123,0,0,40.57126679,-105.0960264,151915.34,2716.173901,4.1875,7,2,84.46547739
225,36.01268527,1382.319857,-5.278039337,0,0,0,40.57112813,-105.0960271,151890.2051,2731.592919,4.724939302,7,2,69.04645994
226,35.20753933,1346.103612,-26.31786314,0,0,0,40.57098354,-105.0960293,151852.3919,2747.671402,4.536978611,7,2,52.96797695
227,34.91463602,1359.298726,43.30969757,12.156867,0,0,40.57084229,-105.0960311,151812.7646,2763.379304,-2.25,7,2,37.26007446
228,35.04962143,1395.128208,101.3130036,15.68628,0,0,40.57070285,-105.0960335,151830.3651,2778.886572,4.088473382,7,2,21.75280661
229,35.18551165,1376.073699,73.19872695,13.725495,0,0,40.57056305,-105.096038,151882.7605,2794.43596,4.198051319,7,2,6.203418945
230,35.11717042,1485.768348,66.92074138,14.509809,0,0,40.57042336,-105.0960429,151872.6646,2809.973908,7.911586735,7,1,179.200798
231,35.40992307,1543.42856,105.6968344,16.078437,0,0,40.57028342,-105.0960459,151899.9765,2825.537673,4.75,7,1,163.6370334
232,35.83596331,1545.03055,102,16.078437,0,0,40.57013469,-105.0960473,152001.5029,2842.075292,4.461073142,7,1,147.0994146
233,35.90395207,1453.922564,51.94359943,9.411768,0,0,40.56999488,-105.0960484,152096.9279,2857.621835,2.875,7,1,131.5528712
234,35.81501421,1493.181,37.5,9.411768,0,0,40.56985748,-105.0960498,152182.9092,2872.900846,2.25,7,1,116.2738605
235,35.63040599,1481.303922,21.89412507,3.137256,0,0,40.56971555,-105.0960522,152240.7888,2888.683932,4.77483622,7,1,100.4907746
236,35.51321709,1268.914047,-11.93452419,0,0,0,40.56957423,-105.0960556,152195.1306,2904.40066,6.148584913,7,1,84.77404683
237,34.25964044,1294.357744,-31,0,13.333338,0,40.56943377,-105.0960584,152117.3578,2920.020999,7.038316684,7,1,69.15370704
238,31.849009,1192.211262,-42,0,23.921577,0,40.56929773,-105.0960596,152061.2958,2935.148108,4.148414411,7,1,54.02659853
239,27.32505461,1050.60547,-46.5,0,23.137263,0,40.56917164,-105.0960599,152002.2324,2949.16931,4.25,7,1,40.00539645
240,24.98402563,1443.898029,-12.20237613,0,0,0,40.56906019,-105.0960602,152017.1165,2961.56178,5.437551916,6,1,27.61292673
241,23.28943029,1300.840993,-19,0,17.30367538,1,40.56895991,-105.0960604,152093.8987,2972.712467,19.55394294,6,1,16.46223965
242,22.46371215,1358.340089,58.53570634,10.588239,0,0,40.56886622,-105.096058,152120.1299,2983.134762,25.20801209,6,1,6.039943891
243,22.64178777,1348.037482,84.95704656,0,0,0,40.56877665,-105.0960468,152120.2558,2993.148909,-14.08270113,6,1,167.2319274
244,21.51211488,1197.313114,0.5,0,18.039222,0,40.56868816,-105.0960329,152132.8722,3003.059409,-16.8556713,6,1,157.3214267
245,19.96008635,1482.071425,-12.5,0,0,0,40.56860228,-105.0960252,152111.0969,3012.635362,-5.227225622,5,1,147.7454736
246,19.22294643,1404.11574,-17.99539614,0,7.646402591,1,40.5685216,-105.0960232,152121.4806,3021.609491,2.644384878,5,1,138.7713451
247,18.69907235,1348.380412,-15.5,0,0.784314,1,40.56844485,-105.0960234,152166.4146,3030.143633,4.1875,5,1,130.237203
248,18.32064593,1336.367513,-16.26192444,0,0.246105987,1,40.56837024,-105.0960239,152188.0677,3038.440061,5.524266367,5,1,121.9407751
249,18.25476557,1504,88.72853123,15.68628,0,1,40.56829455,-105.0960243,152157.0775,3046.855616,3.956368637,5,1,113.5252197
250,20.35025847,1664.597331,126.4594006,16.470594,0,1,40.56822044,-105.0960244,152136.8252,3055.097272,5.703973382,5,1,105.2835639
251,21.49556177,1602.665261,5.284994398,0,0.24187247,1,40.56814195,-105.0960246,152126.7877,3063.823991,3.9375,5,1,96.55684471
252,21.51514966,1607.548716,-11,0,9.680068967,1,40.56805741,-105.0960247,152148.5662,3073.225123,3.192912439,5,1,87.15571333
253,20.5244344,1511.247135,-19.5,0,18.823536,1,40.56797191,-105.0960249,152143.8616,3082.731528,0.75,5,1,77.64930779
254,18.20440266,1349.127358,-10.20108209,0,21.10537393,1,40.56789042,-105.0960255,152118.8058,3091.793635,2.109290526,5,1,68.58720103
255,16.02910161,1177.5,-13.21022186,0,20.784321,1,40.56781708,-105.0960266,152111.1648,3099.948654,3.9375,5,2,60.43218187
256,13.30054039,1210.556522,-3.5,0,20.784321,1,40.56775325,-105.0960278,152054.2936,3107.04751,4.375,4,2,53.33332635
257,10.62237217,969.4815908,-4.314444115,0,21.960792,1,40.56769985,-105.0960288,152020.4832,3112.98572,7,4,2,47.39511654
258,6.769061322,877.0585796,-1.784601571,0,24.313734,1,40.56765742,-105.0960295,152020.5861,3117.703914,7,3,2,42.67692164
259,3.2824329,738.3105384,10.5,0,21.176478,1,40.56762866,-105.0960299,151992.5675,3120.902608,4.579623387,1,2,39.47822836
260,1.592847104,694.4230626,18,0,18.431379,1,40.56761324,-105.09603,152008.316,3122.61658,4.080323972,1,2,37.76425651
261,0.515178153,712.2762879,15.80538197,0,18.823536,1,40.56760603,-105.09603,152043.9715,3123.418989,4,1,2,36.96184669
262,0.125397145,716.4146406,14.1931438,0,8.785472152,1,40.56760296,-105.0960301,152027.633,3123.760619,4,1,2,36.62021744
263,1.008632924,700.9157934,13.36103134,0,14.901966,1,40.567601,-105.0960303,152033.3966,3123.979638,4.598174574,1,2,36.40119815
264,0.427607469,707.0117181,13.5,0,16.862751,1,40.56759819,-105.0960303,152081.6767,3124.29218,4.70330411,1,2,36.08865655
265,0,718.5488288,12.5,0,17.39904917,1,40.5675962,-105.0960303,152075.4955,3124.513156,4.672923625,1,2,35.86767971
266,0,298.3112777,-22.5,0,7.058826,1,40.56759569,-105.0960303,152037.4161,3124.569323,4.608855095,1,2,35.81151346
267,0.871680286,746.3963562,8.32596358,0,7.058826,1,40.56759476,-105.0960303,152017.1075,3124.672784,4.641354595,1,2,35.70805229
268,0.494476745,734.5532799,10.33675453,0,13.725495,1,40.56759249,-105.0960303,152010.6442,3124.925397,4.5625,1,2,35.45543864
269,0,703,15.5,0,14.117652,1,40.56759082,-105.0960303,152012.5435,3125.111231,4.5,1,2,35.26960508
270,0,690.1570656,18.5,0,14.117652,1,40.56759051,-105.0960303,151982.1387,3125.146013,4.5,1,2,35.23482302
271,0.150993343,706.9987646,13.63633721,0,0.392157,1,40.5675902,-105.0960303,151932.6174,3125.180795,4.5625,1,2,35.20004096
272,0.429582214,688.252887,14.63637744,0,14.117652,1,40.56758891,-105.0960303,151904.828,3125.323258,4.5625,1,2,35.05757821
273,0,706.4753572,12.5,0,15.294123,1,40.56758727,-105.0960303,151892.5506,3125.506153,4.01447348,1,2,34.87468339
274,0,698.3228118,14,0,15.68628,1,40.56758688,-105.0960303,151889.6371,3125.549777,3.927050099,1,2,34.83105948
275,0.436235249,687.5882472,14.12991785,0,0,1,40.56758648,-105.0960303,151900.791,3125.593401,5.11160447,1,2,34.78743557
276,1.415394362,676.6732962,15.5,0,0,1,40.56758454,-105.0960303,151915.0177,3125.810007,6.195673433,1,2,34.57082871
277,2.240814482,678.156862,13.5,0,0,1,40.56757906,-105.0960304,151932.0575,3126.419036,3.8125,1,3,33.96180024
278,2.921050608,689.0821551,10.1244582,0,8.84833824,1,40.56757033,-105.0960306,151956.1898,3127.389854,3.625,1,3,32.99098179
279,2.159955452,685.139065,17.77001665,0,17.39797629,1,40.56755973,-105.0960307,151968.5458,3128.568888,2.675426341,1,3,31.81194807
280,0.786957563,711.8243476,13.12890157,0,18.431379,1,40.56755122,-105.0960308,151969.5435,3129.515345,1.0625,1,3,30.86549123
281,0,722.6450321,11.62800212,0,18.823536,1,40.56754776,-105.0960308,151978.6816,3129.900172,1.111664233,1,3,30.48066414
282,0,714.9442467,12.5,0,19.14633263,1,40.56754771,-105.0960308,151990.3366,3129.905559,1.075190092,1,3,30.47527668
283,0,707.3266388,11.75396955,0,19.215693,1,40.56754766,-105.0960308,151991.8349,3129.910947,1.375,1,3,30.46988922
284,0,710.5726097,11.5,0,19.215693,1,40.56754761,-105.0960308,151988.9168,3129.916334,1.3125,1,3,30.46450177
285,0,712.3529005,11.37910141,0,19.215693,1,40.56754756,-105.0960308,151986.9067,3129.921722,1.3125,1,3,30.45911431
286,0,706.5406434,11.5,0,19.60785,1,40.56754752,-105.0960308,151985.456,3129.927109,1.3125,1,3,30.45372685
287,0,700.7896758,12.5,0,19.60785,1,40.56754747,-105.0960308,151985,3129.932497,1.3125,1,3,30.44833939
288,0,707.6819328,10.5,0,19.60785,1,40.56754742,-105.0960308,151985,3129.937884,1.1875,1,3,30.44295194
289,0,700.9741195,12.5,0,19.60785,1,40.56754737,-105.0960308,151985.5467,3129.943272,1.259736535,1,3,30.43756448
290,0,706.941949,11,0,20.000007,1,40.56754732,-105.0960308,151986,3129.948659,1.375,1,3,30.43217702
291,0,700.3734794,12,0,20.000007,1,40.56754727,-105.0960308,151986,3129.954047,1.375,1,3,30.42678956
292,0,704.707335,11.85208213,0,20.000007,1,40.56754722,-105.0960308,151986,3129.959434,1.631538365,1,3,30.42140211
293,0,694.934806,12.5,0,20.000007,1,40.56754718,-105.0960308,151986,3129.964821,1.68151583,1,3,30.41601465
294,0,702.0571921,11.07362494,0,20.000007,1,40.56754713,-105.0960308,151986,3129.970209,1.61877997,1,3,30.41062719
295,0,699.1396131,12,0,20.000007,1,40.56754708,-105.0960308,151986,3129.975596,1.57395839,1,3,30.40523973
296,0,699.1968311,12.5,0,20.000007,1,40.56754703,-105.0960308,151986,3129.980984,1.6875,1,3,30.39985228
297,0,701.910743,11.05278342,0,20.000007,1,40.56754698,-105.0960308,151986,3129.986371,1.75,1,3,30.39446482
298,0,700.1561043,11.5,0,20.000007,1,40.56754693,-105.0960308,151986,3129.991759,1.689605155,1,3,30.38907736
299,0,691.8562301,13.5,0,8.591676714,1,40.56754689,-105.0960308,151986,3129.997146,1.375,1,3,30.3836899
300,0,698.1750369,11.56274289,0,16.078437,1,40.56754635,-105.0960308,151984.9144,3130.056467,1.311843658,1,3,30.3243693
301,0,700.4288507,11.5,0,18.039222,1,40.5675458,-105.0960308,151983.4555,3130.118343,1.691099785,1,3,30.26249265
302,0,710.2160548,10.5,0,13.725495,1,40.56754554,-105.0960308,151976.4552,3130.14712,1.875,1,3,30.23371564
303,0.012539562,695.3948883,12.5,0,15.294123,1,40.56754528,-105.0960308,151966.0657,3130.175897,1.071458412,1,3,30.20493864
304,0,704.7086852,10.5,0,15.68628,1,40.56754505,-105.0960308,151964.7231,3130.201669,1.1875,1,3,30.17916664
305,0,697.061703,12,0,16.078437,1,40.56754495,-105.0960308,151967,3130.211947,-0.141445245,1,3,30.16888917
306,0,702.6204833,11.5,0,16.470594,1,40.56754486,-105.0960308,151967,3130.222224,-0.0625,1,3,30.1586117
307,0,692.9715791,13.00387841,0,16.470594,1,40.56754477,-105.0960308,151969.1625,3130.232502,-0.050824426,1,3,30.14833423
308,0,655.2820399,21.50560363,0,16.862751,1,40.56754468,-105.0960308,151968.3039,3130.242779,0.08530995,1,3,30.13805676
309,0,651.8848649,26.50311355,0,17.254908,1,40.56754458,-105.0960308,151965.4583,3130.253057,-0.0625,1,3,30.1277793
310,0,669.487608,22.5,0,17.254908,1,40.56754449,-105.0960308,151964.4632,3130.263334,-0.125,1,3,30.11750183
311,0,679.6231616,22.5,0,17.647065,1,40.5675444,-105.0960308,151964,3130.273612,0,1,3,30.10722436
312,0,690.0794825,20.50376109,0,17.647065,1,40.56754431,-105.0960308,151964,3130.283889,0.125,1,3,30.09694689
313,0.422590555,702.216031,19.4882502,0,10.588239,1,40.56754421,-105.0960308,151964,3130.294167,0.176878473,1,3,30.08666942
314,0.820370626,707.9109598,15.50374162,0,11.76471,1,40.56754307,-105.0960308,151969.4134,3130.421007,0.009514977,1,3,29.95982896
315,0.71187566,713.6380591,13.5,0,15.68628,1,40.56753998,-105.096031,151975.6266,3130.765182,0.114844702,1,3,29.61565444
316,0,734.827823,9.490777486,0,17.254908,1,40.56753744,-105.0960311,151986.2318,3131.048308,0.114907018,1,3,29.33252827
317,0,726.1660464,10.5,0,17.647065,1,40.56753683,-105.0960311,152001.6206,3131.115968,0.105540466,1,3,29.26486777
318,0,725.4257427,9.5,0,17.647065,1,40.56753663,-105.0960311,152015.0879,3131.138472,0.0625,1,3,29.24236443
319,0,722.1886116,8.477757476,0,17.647065,1,40.56753643,-105.0960311,152027.011,3131.160975,0,1,3,29.21986108
320,0,719.3511296,7.5,0,14.03332505,1,40.56753622,-105.0960311,152038.5553,3131.183478,0.51787843,1,3,29.19735774
321,0.55211012,709.2845997,8.5,0,8.627454,1,40.56753576,-105.0960311,152047.7954,3131.235304,0.740884025,1,3,29.14553233
322,0.264460702,708.2587073,8,0,12.156867,1,40.56753393,-105.0960311,152054.7891,3131.438605,0.758783755,1,3,28.94223113
323,0,711.4425617,7.517756191,0,15.294123,1,40.56753333,-105.0960311,152054.1943,3131.50551,0.75879151,1,3,28.8753261
324,0,701.5289391,9.5,0,17.254908,1,40.56753326,-105.0960311,152051.6011,3131.512693,0.866568507,1,3,28.86814284
325,0,701.0013549,8.458883135,0,17.254908,1,40.5675332,-105.0960311,152052.5844,3131.519876,0.875,1,3,28.86095958
326,0,693.75,9.942829754,0,17.647065,1,40.56753313,-105.0960311,152053.5363,3131.52706,0.867106727,1,3,28.85377633
327,0,702.7944735,7.031952102,0,17.647065,1,40.56753307,-105.0960311,152054,3131.534243,0.9375,1,3,28.84659307
328,0,704.721361,8.572054833,0,17.647065,1,40.567533,-105.0960311,152054,3131.541426,0.945910188,1,3,28.83940981
329,0,694.4589623,9.923116654,0,18.039222,1,40.56753294,-105.0960311,152054,3131.54861,0.945579575,1,3,28.83222655
330,0,697.9764903,10.04249181,0,18.039222,1,40.56753287,-105.0960311,152054,3131.555793,0.9375,1,3,28.82504329
331,0,690.75,10.5,0,18.039222,1,40.56753281,-105.0960311,152054,3131.562976,0.993359295,1,3,28.81786004
332,0,694.6943631,9.926784058,0,18.039222,1,40.56753275,-105.0960311,152054,3131.570159,0.945073186,1,3,28.81067678
333,0,689.3105917,11.5,0,18.039222,1,40.56753268,-105.0960311,152054,3131.577343,0.882347642,1,3,28.80349352
334,0,689.540873,11.5,0,18.039222,1,40.56753262,-105.0960311,152054,3131.584526,0.9375,1,3,28.79631026
335,0,688,12,0,18.039222,1,40.56753255,-105.0960311,152054,3131.591709,0,1,3,28.789127
336,0,687.3343869,13,0,7.360039557,1,40.56753249,-105.0960311,152054,3131.598892,-0.055931937,1,3,28.78194374
337,1.137615613,1047.048757,77.79410782,12.86043894,0,1,40.56753164,-105.0960311,152054,3131.692893,-0.574126886,1,3,28.68794292
338,5.474185053,1630.404102,114.8517852,17.647065,0,1,40.56752542,-105.0960311,152051.2718,3132.385245,-3.744613855,1,3,27.99559118
339,10.36654303,2180.390041,143.3722889,16.57075957,0,1,40.56750485,-105.0960314,152052.2808,3134.672569,1.613985076,1,3,25.70826728
340,13.02364879,2212.834087,31.25654969,9.019611,0,1,40.56746628,-105.0960321,152054.4522,3138.961201,17.58475478,1,3,21.41963458
341,14.28175602,1789.657648,-3.758480336,0,0,1,40.56741529,-105.096032,152054,3144.631647,63.98918924,2,3,15.74918936
342,14.58436356,1384.23746,12.62272546,0,0,1,40.5673598,-105.0960259,152055.089,3150.834268,96.56679035,4,3,9.546567722
343,14.23499578,1345.206862,-3.878119177,0,0,1,40.56730497,-105.0960066,152047.9225,3157.17488,113.4950932,4,3,3.205956228
344,14.96546092,1611.664002,142.4800224,17.647065,0,1,40.56725344,-105.0959692,152035.2432,3163.764535,140.3826858,4,3,766.3608937
345,17.35664832,1770.553854,147.5,19.215693,0,1,40.56721386,-105.0959126,152021.9044,3170.32535,142.9889984,4,3,759.8000789
346,20.64014682,2021.544234,196,25.882362,0,0.376412497,40.56718992,-105.0958332,151998.8135,3177.639602,70.85500384,4,3,752.4858261
347,24.12864129,2309.184945,181,26.274519,0,0,40.56718371,-105.0957287,151965.0949,3186.547647,4.69276983,4,3,743.5777813
348,27.22816443,2441.648612,159.6386385,26.666676,0,0,40.56718746,-105.0956049,151928.609,3197.014114,4.121149796,4,3,733.1113148
349,29.91040794,2255.885917,192.5,27.058833,0,0,40.5671923,-105.0954654,151923.8479,3208.811821,3.678821297,5,3,721.3136072
350,32.57540584,2443.034445,166.9386071,24.313734,0,0,40.56719703,-105.0953112,151941.0037,3221.848191,4.0625,5,3,708.2772371
351,33.81793158,2440.929444,65.64382587,18.431379,0,0,40.56720169,-105.0951338,151905.1064,3236.839145,6.253239576,5,3,693.2862833
352,34.68833554,2012.427127,102,18.431379,0,0,40.5672061,-105.0949609,151845.636,3251.454087,7.816872766,6,3,678.6713418
353,35.51684811,2045.235289,99,18.823536,0,0,40.5672114,-105.0947878,151813.9014,3266.090064,7.431910173,6,3,664.035365
354,35.97322449,1524.054467,108.3414608,18.823536,0,0,40.56721274,-105.0946015,151780.1388,3281.829146,5.25,7,3,648.296283
355,36.3502035,1410.030945,80,15.68628,0,0,40.56721544,-105.0944175,151733.1289,3297.38369,0.186057297,7,3,632.7417384
356,36.66897171,1424.440556,77.65729026,14.509809,0,0,40.56722061,-105.0942324,151690.3532,3313.024483,0.751212913,7,3,617.1009455
357,36.89390313,1549.118624,70.82380477,14.509809,0,0,40.56722357,-105.094042,151681.1524,3329.117792,3.437950677,7,3,601.0076368
358,37.16144061,1571.18903,53.5,13.333338,0,0,40.5672249,-105.09385,151710.4434,3345.33651,2.8125,7,3,584.7889183
359,37.30334803,1566.048998,31,9.803925,0,0,40.56722528,-105.0936567,151709.1446,3361.660737,3.625,7,3,568.4646915
360,37.30919709,1522.605333,19.33007184,0,0,0,40.56722209,-105.093463,151704.8213,3378.027615,4,7,3,552.0978135
361,37.09035793,1436.026026,-15,0,0,0,40.56721868,-105.0932681,151701.8977,3394.495846,4.751365401,7,3,535.6295825
362,36.51272853,1400.23248,-39.5,0,0.784314,0,40.56721744,-105.0930752,151654.5313,3410.795887,4,7,3,519.3295415
363,35.73081715,1361.994758,-45,0,13.333338,0,40.56721649,-105.092885,151617.0732,3426.862213,3.9375,7,3,503.2632151
364,34.81100441,1334.127941,-44.5,0,1.880618379,0,40.56721533,-105.0926962,151547.2398,3442.805759,3.751630793,7,3,487.3196697
365,33.46324504,1270.683137,-44,0,15.294123,0,40.56721394,-105.0925157,151502.0052,3458.057682,3.438025113,7,3,472.0677463
366,32.46714998,1241.714793,-43,0,7.080226543,0,40.56721241,-105.0923416,151520.9141,3472.765677,4.5,7,3,457.3597519
367,31.72838039,1209.75,-43,0,13.333338,0,40.5672109,-105.0921724,151568.533,3487.052239,4.625070709,7,3,443.0731897
368,29.31363706,1107.836204,-42.5,0,22.745106,0,40.56720952,-105.0920085,151579.1371,3500.903176,2.812523059,7,3,429.2222522
369,24.70193829,1183.309054,-42,0,25.882362,0,40.56720828,-105.0918557,151575.9279,3513.811535,3.938821663,6,3,416.3138931
370,18.90519869,1323.929453,-42,0,28.627461,0,40.56720732,-105.0917256,151617.8611,3524.797503,2.68648816,5,3,405.327925
371,13.13242081,998.8979491,-6.802665227,0,25.098048,0,40.56720664,-105.0916244,151676.6262,3533.342892,4.875,5,3,396.7825366
372,10.30602709,1026.030679,25.70280452,13.725495,0,2,40.56720624,-105.0915508,151714.1194,3539.558658,-9.055526144,4,3,390.5667703
373,12.29050012,2093.997969,172.5,23.921577,0,2,40.5672055,-105.0914923,151682.3904,3544.501157,-17.00189096,3,3,385.6242719
374,17.08049617,2299.454771,171.2185496,23.921577,0,2,40.56720288,-105.0914275,151645.3202,3549.987882,-13.50467484,3,3,380.1375465
375,20.99774688,2517.907094,157.71887,25.490205,0,2,40.56719654,-105.0913416,151649.4808,3557.278585,7.995880305,3,3,372.8468436
376,24.85895222,2481.602707,178,25.882362,0,2,40.56718285,-105.0912326,151661.4574,3566.61277,24.3108779,4,3,363.512659
377,27.99002125,2264.049892,138,25.882362,0,0.329275883,40.56717048,-105.0911051,151645.5677,3577.493775,8.751791891,4,3,352.6316534
378,31.00761336,2324.348107,172.7446244,25.68206736,0,0.662057917,40.56716497,-105.0909605,151599.6438,3589.721486,12.25766071,5,3,340.4039426
379,33.24340614,2358.838834,99,22.745106,0,1,40.56716439,-105.090801,151556.7218,3603.195407,7.189824217,5,3,326.9300214
380,35.25148261,2058.529164,185.9717352,25.490205,0,0.35144322,40.56716754,-105.0906298,151507.8379,3617.664221,7.129126664,6,3,312.4612077
381,37.31194027,2101.906559,148.2414056,23.52942,0,0,40.56717216,-105.0904468,151471.3925,3633.128644,6.6875,6,3,296.9967849
382,38.97676822,1993.947804,78.5,22.352949,0,0,40.56717779,-105.0902529,151471.5844,3649.518735,4.502662419,6,3,280.6066937
383,40.00075813,1553.997119,123.2433092,19.60785,0,0,40.56718086,-105.0900514,151462.8196,3666.55014,0.875,7,3,263.5752887
384,40.67725232,1576.219652,64.74412358,14.509809,0,0,40.56718386,-105.0898431,151473.8923,3684.145062,3.005712387,7,3,245.9803662
385,41.14213462,1714.959557,54,14.117652,0,0,40.56718779,-105.0896314,151469.0317,3702.036107,3.940634984,7,3,228.0893214
386,41.4235609,1673.89761,1,0,0,0,40.56718993,-105.0894178,151380.1458,3720.078933,2.489820934,7,3,210.0464952
387,41.15702079,1594.323685,-18.95004831,0,0,0,40.56718781,-105.0892036,151331.1059,3738.178945,3.875,7,3,191.9464834
388,40.98212909,1643.439792,20.5,8.627454,0,0,40.56718495,-105.0889895,151352.5694,3756.263869,3.5625,7,3,173.8615595
389,40.82640739,1581.854745,33,8.627454,0,0,40.56718322,-105.0887761,151332.3917,3774.288783,4.308676023,7,3,155.8366458
390,40.68987204,1577.912687,30.5,5.490198,0,0,40.56717886,-105.0885634,151305.5429,3792.266131,4.308577586,7,3,137.8592979
391,40.72443688,1577.083254,17.25564048,3.137256,0,0,40.56717459,-105.088351,151256.2662,3810.210875,2.5,7,3,119.914553
392,40.64392606,1618.354893,3.274857372,0,0,0,40.5671715,-105.088139,151231.7397,3828.12283,4.0625,7,3,102.0025987
393,40.39132949,1566.75,-18.5,0,0,0,40.56716586,-105.087926,151243.2052,3846.125107,4.441945514,7,3,84.00032121
394,39.79890791,1632.268627,27,7.450983,0,0,40.56716003,-105.0877151,151273.7802,3863.953023,9.682336825,7,3,66.17240587
395,39.76591844,1537.546532,-17,0,0,0,40.56715592,-105.0875078,151331.2618,3881.472516,6.192528497,7,3,48.65291227
396,39.41391351,1532.670779,19.72538296,5.882355,0,0,40.5671528,-105.0873015,151304.7462,3898.898019,6.255251505,7,3,31.22740924
397,39.13832124,1519.61816,31.5,6.274512,0,0,40.56715045,-105.0870957,151262.0731,3916.282339,6.005729391,7,3,13.84308999
398,39.09549022,1516.680118,34,8.627454,0,0,40.56714838,-105.086891,151251.1594,3933.573618,7.295598539,7,3,266.2171158
399,38.87344574,1508.734612,36,9.803925,0,0,40.56714506,-105.0866861,151229.111,3950.889078,5,7,3,248.9016556
400,38.9367218,1630.130171,36.22044744,7.058826,0,0,40.56714229,-105.0864817,151180.0282,3968.158239,4.619063278,7,3,231.6324946
401,38.84856692,1625.75,28,6.666669,0,0,40.56714075,-105.0862787,151143.207,3985.309474,4.431520334,7,3,214.4812602
402,38.74688862,1627.49619,27.5,7.058826,0,0,40.56713878,-105.086076,151177.0118,4002.433086,3.818601986,7,3,197.3576476
403,38.82126721,1636.652029,34.5,9.019611,0,0,40.56713625,-105.0858735,151203.641,4019.539091,5.042970824,7,3,180.251643
404,38.87719872,1635.630576,34,8.860436119,0,0,40.56713255,-105.0856699,151211.9899,4036.741007,5.299053508,7,3,163.0497274
405,38.78714289,1611.118472,30.29879601,6.666669,0,0,40.56712964,-105.085467,151167.1885,4053.886142,4.875,7,3,145.9045916
406,38.71975555,1609.136888,29,9.019611,0,0,40.56712798,-105.0852656,151152.8358,4070.891122,4.4375,7,3,128.8996117
407,38.67477921,1611.5,37,10.196082,0,0,40.56712615,-105.0850629,151103.9439,4088.020666,4.492967082,7,3,111.7700682
408,38.72193175,1605.030835,34.31460835,8.235297,0,0,40.56712405,-105.0848604,151018.786,4105.123301,4.382414191,7,3,94.66743264
409,38.73581308,1593.5,29.68451929,6.666669,0,0,40.5671209,-105.0846571,150973.2181,4122.303189,4.382729151,7,3,77.48754481
410,38.55800038,1500.817167,-16.68181537,0,0,0,40.56711779,-105.0844548,150958.1581,4139.392703,5.116691062,7,3,60.39803079
411,37.97569732,1420.939668,-38.5,0,0,0,40.56711529,-105.0842539,150981.8234,4156.364346,3.992044609,7,3,43.42638767
412,37.75807154,1465.608065,32.8175207,9.019611,0,0,40.56711294,-105.084055,150979.7482,4173.169772,4.320721967,7,3,26.62096191
413,37.69375198,1463.725621,70.6677638,16.470594,0,0,40.56711057,-105.0838581,150930.8898,4189.803011,5.429259793,7,3,9.987723459
414,38.38147955,1486.94285,115,18.039222,0,0,40.56710808,-105.0836611,150908.0263,4206.446385,4.266567651,7,3,401.0921627
415,39.15361463,1518.20665,147.166521,20.392164,0,0,40.56710573,-105.083461,150969.6898,4223.344004,4.116447584,7,3,384.1945439
416,39.90932576,1543.144361,64.81903161,12.02334374,0,0,40.5671029,-105.0832555,151040.7868,4240.706892,4.723717619,7,3,366.8316556
417,39.92819502,1666.760611,33.5,7.84314,0,0,40.56710002,-105.0830463,151085.3897,4258.385984,4.428617021,7,3,349.1525642
418,39.80203331,1465.117348,-13.13647846,0,0.784314,0,40.56709767,-105.0828373,151087.6073,4276.03508,3.643080922,7,3,331.503468
419,38.8119204,1475.508698,-38,0,14.117652,0,40.56709545,-105.0826306,151101.6611,4293.501688,3.615725562,7,3,314.0368598
420,37.47910899,1435.544327,-42,0,12.156867,0,40.56709308,-105.0824285,151111.4173,4310.572756,4.5625,7,3,296.9657917
421,36.45300295,1399.409923,-41.5,0,0,0,40.56709074,-105.0822327,151046.5937,4327.112912,3.759846821,7,3,280.4256361
422,35.70974266,1363.4882,-39.5,0,0,0,40.56708836,-105.0820416,151012.7553,4343.255271,3.927539555,7,3,264.2832767
423,35.05662945,1332.501203,-39,0,0.392157,0,40.56708585,-105.0818549,150988.0699,4359.029802,4.5625,7,3,248.5087463
424,34.41516205,1316.848684,-39,0,0.723786414,0,40.56708351,-105.0816722,150957.3938,4374.467027,3.166349079,7,1,233.0715212
425,33.94373059,1307.156132,31.5,7.84314,0,0,40.56708235,-105.0814919,150990.8697,4389.700124,1.333492012,7,1,217.8384242
426,33.97972867,1323.844483,-13.33962736,0,0.784314,0,40.56708131,-105.0813133,151010.7502,4404.781481,2.25,7,1,202.7570671
427,33.3780446,1286.906922,-38,0,9.5584032,0,40.56707918,-105.0811363,151026.754,4419.736249,4.0625,7,1,187.8022988
428,30.61355901,1123.745211,-39.5,0,25.882362,0,40.56707683,-105.0809625,151072.9228,4434.416643,6.54718107,7,1,173.1219049
429,25.98564898,1214.010149,-41,0,25.098048,0,40.56707553,-105.0808025,151052.6665,4447.93294,3.324309625,6,1,159.6056081
430,21.86175458,1218.204904,-39,0,25.882362,0,40.56707497,-105.0806642,151002.3231,4459.616382,3.113167293,6,1,147.9221662
431,17.52239584,1296.886247,-39,0,19.215693,0,40.56707442,-105.0805489,151022.4135,4469.356467,2.580060075,5,1,138.1820806
432,14.16269005,1045.876026,-38.5,0,23.52942,0,40.56707368,-105.0804517,151084.2798,4477.565863,4.268468703,5,1,129.9726851
433,10.68099818,981.3605907,-18.35648838,0,19.215693,0,40.56707301,-105.0803779,151115.7906,4483.805031,4,4,1,123.7335168
434,8.504617208,981.7042072,6.707982906,0,19.60785,0,40.56707247,-105.0803216,151143.656,4488.556071,2.455415191,3,1,118.9824772
435,6.438459,867.5411391,-4,0,19.60785,0,40.56707192,-105.0802765,151167.868,4492.366076,2.5,1,2,115.1724716
436,6.100342541,756.5748495,-5.364108805,0,0,0,40.56707136,-105.0802405,151174.1689,4495.413573,10.14300401,1,2,112.1249745
437,6.066453421,695.7864366,-1.5,0,0.784314,0,40.56707096,-105.0802083,151179.782,4498.127976,2.705637165,1,2,109.4105715
438,5.03682904,699.7856031,4.630212197,0,16.862751,0,40.56707053,-105.080177,151178.1233,4500.778043,2.75,1,2,106.7605053
439,3.187081541,691.4242013,7.627019321,0,13.333338,0,40.56707013,-105.0801508,151176.1664,4502.983655,2.713122132,1,2,104.5548925
440,2.113114124,667.8558686,17.39944714,0,16.470594,0,40.56706985,-105.0801326,151183.424,4504.526881,2.581054394,1,2,103.0116668
441,0.953114294,692.4769442,16.5,0,17.01010469,0,40.56706957,-105.0801209,151188.5431,4505.510744,2.625,1,2,102.0278041
442,0,708.1793846,14.11872524,0,17.254908,0,40.56706944,-105.0801156,151174.8531,4505.962864,2.625,1,2,101.5756833
443,0,213.6256625,-23.69097365,0,17.254908,0,40.56706944,-105.080115,151157.557,4506.01281,2.606531209,1,2,101.5257381
444,0,0,-19.5,0,17.254908,0,40.56706944,-105.0801148,151150.84,4506.028461,2.625,1,2,101.5100868
445,0,0,-19.5,0,17.51373931,0,40.56706944,-105.0801146,151143.08,4506.044112,2.605610951,1,2,101.4944356
446,0,0,-19.5,0,17.254908,0,40.56706944,-105.0801144,151125.0956,4506.059763,2.581943803,1,3,101.4787843
447,0,0,-19.5,0,17.647065,0,40.56706944,-105.0801143,151112.9153,4506.075415,2.583691854,1,3,101.4631331
448,0,606.3907974,-10.34746457,0,0,0,40.56706944,-105.0801141,151111.4565,4506.091066,2.646154593,1,3,101.4474818
449,0.972594934,703.1890926,1.162345679,0,0,0,40.56706944,-105.0801132,151110.461,4506.166517,2.645001289,1,3,101.3720305
450,1.959865259,727.233824,5.5,0,1.58443953,0,40.56706929,-105.0801084,151107.3136,4506.570844,5.225600593,1,3,100.9677039
451,2.730849273,679.6718984,15.35112043,0,5.926913716,0,40.56706917,-105.0800985,151114.1918,4507.410614,7.875,1,3,100.1279341
452,3.029994006,662.013126,18,0,0,0,40.56706901,-105.0800849,151123.0803,4508.560172,7.081903283,1,3,98.97837592
453,3.684054437,885.0921047,63.5,9.019611,0,0,40.56706874,-105.0800689,151125.0775,4509.904132,7.084034167,1,3,97.63441552
454,6.121239801,1531.752305,107.5655518,13.725495,0,0,40.5670683,-105.080049,151121.1091,4511.591859,6.956873731,1,3,95.94668841
455,9.495766815,1985.89169,120.0377298,15.68628,0,0,40.56706775,-105.0800177,151120.8061,4514.231528,5.749973696,1,3,93.3070196
456,13.03594569,1950.880703,113.0410254,15.68628,0,0,40.56706705,-105.0799697,151124,4518.291082,14.04201275,2,3,89.2474661
457,15.78662606,2135.423278,94.58130774,15.68628,0,0,40.56706652,-105.0799038,151121.8626,4523.85626,8.332584327,2,3,83.6822883
458,18.20973737,1741.996479,116.5,16.078437,0,0,40.56706912,-105.0798188,151132.934,4531.044742,4.2290462,4,3,76.49380558
459,19.92485608,1736.648008,54.73283675,9.019611,0,0,40.56707169,-105.0797221,151140.7435,4539.225604,-0.75,4,3,68.31294358
460,20.38660155,1511.83235,-3,0,0,0,40.56707179,-105.079619,151144.5286,4547.931316,-0.460906818,5,3,59.60723139
461,20.30517996,1508.488949,-14.5,0,0,0,40.56707105,-105.0795122,151135.8218,4556.950522,5.499427175,5,3,50.58802615
462,19.98068845,1482.134703,-19.5,0,0,0,40.56706979,-105.0794063,151118.0203,4565.903068,7.438495248,5,3,41.63548024
463,19.49936526,1436.287217,-17.5,0,0,0,40.56706871,-105.0793025,151091.0004,4574.671876,6.665663596,5,3,32.86667223
464,18.90714051,1362.607175,-16,0,0,0,40.56706803,-105.079201,151059.6969,4583.244138,3.228611016,5,3,24.29441003
465,18.21787215,1341.159399,-15.95668624,0,0,0,40.56706747,-105.0791022,151020.4712,4591.591593,5.667318904,5,3,15.94695516
466,17.65479999,1320.823706,6,5.490198,0,0,40.56706692,-105.0790069,150987.9029,4599.635944,6.042181799,5,3,7.902604089
467,19.02798438,1515.386114,84.5,11.76471,0,0,40.56706651,-105.0789134,150984.2452,4607.538548,5.9375,5,3,164.9013628
468,20.52611399,1627.14991,90.007127,13.333338,0,0.768195621,40.56706639,-105.0788153,150961.6871,4615.821085,2.022099397,5,3,156.618826
469,22.06033773,1733.599379,89.5,13.725495,0,1,40.56706624,-105.0787091,150950.1836,4624.793623,2.4375,5,3,147.646288
470,23.12037407,1766.53336,57.01308964,0,0,1,40.56706581,-105.0785946,150986.9397,4634.465417,12.8125,5,3,137.9744932
471,23.55555682,1456.993833,-10.01296987,0,7.274356447,1,40.56706616,-105.0784743,150975.4974,4644.624377,9.375,5,3,127.8155341
472,22.42650415,1249.094532,-16.5,0,16.078437,1,40.56706818,-105.0783527,150930.4766,4654.896619,5.230224355,6,3,117.5432916
473,20.42841077,1086.807484,-14.5,0,20.51270374,1,40.56707097,-105.0782355,150886.1633,4664.801846,-1.268984591,6,3,107.6380651
474,17.88744947,1322.793282,-17.5,0,21.176478,1,40.56707314,-105.0781285,150825.4608,4673.847049,0.602146088,5,3,98.59286135
475,15.06826112,1099.345244,-17.48515192,0,23.137263,1,40.5670745,-105.0780344,150797,4681.794261,0.3125,5,3,90.64565008
476,11.60054058,1115.496238,-0.64730357,0,24.313734,1,40.56707531,-105.0779551,150805.7216,4688.493184,-0.454986195,4,3,83.94672697
477,8.133304622,974.8177473,-1.958734069,0,25.882362,1,40.56707571,-105.0778935,150785.2891,4693.69962,-0.375,3,3,78.7402902
478,3.654462408,800.2991,0.499166592,0,25.882362,1,40.56707583,-105.077852,150764.1436,4697.20725,-0.3125,1,3,75.2326607
479,0.364443885,698.8123375,11,0,25.882362,1,40.56707568,-105.077831,150785.1815,4698.979987,-0.02358003,1,3,73.45992379
480,0,674.3917367,-13.48626918,0,25.57656405,1,40.56707557,-105.0778259,150788.123,4699.408614,0.523680067,1,3,73.03129647
481,0,0,-19.5,0,25.882362,1,40.56707556,-105.0778257,150764.7066,4699.424458,0.5,1,3,73.01545283
482,0,0,-19.5,0,25.63338467,1,40.56707556,-105.0778255,150740.9706,4699.440301,0.5,1,3,72.9996092
483,0,0,-19.5,0,25.71298802,1,40.56707556,-105.0778254,150708.5015,4699.456145,0.539966745,1,3,72.98376557
484,0,0,-19.5,0,16.078437,1,40.56707556,-105.0778252,150676.5361,4699.471989,0.5625,1,3,72.96792193
485,0,529.7540288,-2.5,0,7.058826,1,40.56707556,-105.077825,150661.3129,4699.487832,0.539560974,1,3,72.9520783
486,0.587748948,651.006815,11.52074331,0,4.313727,1,40.56707556,-105.0778245,150655.7299,4699.530724,0.537174475,1,3,72.90918672
487,0.121535989,731.23936,9.5,0,10.31469818,1,40.56707556,-105.0778222,150661.6822,4699.720855,0.539072937,1,3,72.71905539
488,0,713.244015,16.55791234,0,10.980396,1,40.56707556,-105.0778212,150669,4699.805217,0.5,1,3,72.63469362
489,0,695.3006479,17.4670624,0,11.372553,1,40.56707556,-105.0778211,150672.8072,4699.813068,0.484250419,1,3,72.62684246
490,0,654.2278568,28.95678949,0,11.372553,1,40.56707556,-105.077821,150689.4755,4699.820919,0.525410079,1,3,72.61899131
491,0,662.9304554,27.46058233,0,11.76471,1,40.56707556,-105.0778209,150714.9653,4699.82877,0.5625,1,3,72.61114016
492,0,681.5072186,24,0,11.76471,1,40.56707556,-105.0778208,150730.7719,4699.836622,0.5625,1,3,72.603289
493,0,688.2403973,23.05516523,0,12.549024,1,40.56707556,-105.0778208,150733.4134,4699.844473,0.514281526,1,3,72.59543785
494,0,710.2688694,20,0,12.549024,1,40.56707556,-105.0778207,150731.8538,4699.852324,0.523891421,1,3,72.5875867
495,0,729.9741255,15,0,12.941181,1,40.56707556,-105.0778206,150731.5336,4699.860175,0.5625,1,3,72.57973555
496,0,737.9839624,10.5,0,13.333338,1,40.56707556,-105.0778205,150732,4699.868026,0.5625,1,3,72.57188439
497,0,728.6188452,11.5,0,13.333338,1,40.56707556,-105.0778204,150732,4699.875877,0.5,1,3,72.56403324
498,0,725.5271609,10.58799024,0,13.333338,1,40.56707556,-105.0778203,150732,4699.883729,0.5625,1,3,72.55618209
499,0,717.7842774,10,0,10.196082,1,40.56707556,-105.0778202,150732,4699.89158,0.47492934,1,3,72.54833093
500,0.344419112,699.4037726,11.5,0,9.663705719,1,40.56707556,-105.0778201,150732,4699.899431,0.5625,1,3,72.54047978
501,0,716.4142053,10.58855257,0,13.333338,1,40.56707556,-105.0778184,150749.9132,4700.045861,0.5625,1,3,72.39404962
502,0,718.0018734,9.642392514,0,13.725495,1,40.56707556,-105.0778177,150770.2665,4700.104982,0.525390503,1,3,72.33492815
503,0,706.8310156,10.5,0,14.117652,1,40.56707556,-105.0778176,150777.9846,4700.111805,0.535587632,1,3,72.32810555
504,0,700.6889404,9.5,0,14.509809,1,40.56707556,-105.0778175,150786.3987,4700.118628,0.5,1,3,72.32128296
505,0,695.715272,11.35643556,0,14.509809,1,40.56707556,-105.0778174,150791,4700.12545,0.533000398,1,3,72.31446037
506,0,695.7071003,11.85643365,0,14.901966,1,40.56707556,-105.0778173,150791.5719,4700.132273,0.529674601,1,3,72.30763777
507,0,703.6243594,10.5,0,14.97039455,1,40.56707556,-105.0778173,150791.4614,4700.139095,0.5,1,3,72.30081518
508,0,701.5747136,9.5,0,16.470594,1,40.56707556,-105.0778172,150789.8502,4700.145918,0.5,1,3,72.29399259
509,0,707.9449948,10.15180162,0,17.254908,1,40.56707556,-105.0778171,150789.5649,4700.152741,0.5625,1,3,72.28716999
510,0,702.1233424,10,0,17.49643554,1,40.56707556,-105.077817,150790,4700.159563,0.532390999,1,3,72.2803474
511,0,701.6952868,10.5,0,17.647065,1,40.56707556,-105.0778169,150790,4700.166386,0.532207553,1,3,72.27352481
512,0,701.0350068,10.5,0,17.647065,1,40.56707556,-105.0778169,150790,4700.173208,0.5625,1,3,72.26670222
513,0,702.5169925,10,0,17.647065,1,40.56707556,-105.0778168,150790,4700.180031,0.529178732,1,3,72.25987962
514,0,703.1944472,9.5,0,17.78306375,1,40.56707556,-105.0778167,150790,4700.186854,0.595482135,1,3,72.25305703
515,0,695.4190372,12,0,9.803925,1,40.56707556,-105.0778166,150790,4700.193676,1.217813763,1,3,72.24623444
516,0.269598843,699.4669203,9.842446834,0,12.549024,1,40.56707556,-105.0778165,150790,4700.205047,1.3125,1,3,72.23486334
517,0,702.0592842,11,0,14.117652,1,40.56707556,-105.0778157,150800.5194,4700.274086,1.215857225,1,3,72.16582472
518,0,686.2387505,13.14236231,0,16.862751,1,40.56707556,-105.0778153,150807.4261,4700.302343,1.3125,1,3,72.1375681
519,0,695.3798946,12,0,17.27311027,1,40.56707556,-105.0778153,150801.5572,4700.306093,1.25,1,3,72.1338179
520,0,688.3182252,14.32348657,0,17.60163042,1,40.56707556,-105.0778152,150794.0516,4700.309843,1.276031566,1,3,72.13006771
521,0,689.1541605,14,0,17.647065,1,40.56707556,-105.0778152,150792.577,4700.313593,1.25,1,3,72.12631752
522,0,693.118985,14.31716084,0,17.647065,1,40.56707556,-105.0778152,150791.9137,4700.317343,1.282254725,1,3,72.12256733
523,0,690.2618731,14.81802869,0,17.647065,1,40.56707556,-105.0778151,150791.585,4700.321093,1.3125,1,3,72.11881713
524,0,699.3775268,14.5,0,18.039222,1,40.56707556,-105.0778151,150792,4700.324844,1.628828548,1,3,72.11506694
525,0,693.3721602,15.5,0,18.039222,1,40.56707556,-105.077815,150792,4700.328594,1.375,1,3,72.11131675
526,0,699.0028383,13.68095578,0,18.039222,1,40.56707556,-105.077815,150792,4700.332344,0.399027028,1,3,72.10756656
527,0,696.8736279,15,0,18.039222,1,40.56707556,-105.0778149,150792,4700.336094,0.5625,1,3,72.10381636
528,0,698.7218995,14,0,18.039222,1,40.56707556,-105.0778149,150792,4700.339844,0.5625,1,3,72.10006617
529,0,700.5927637,12.81995374,0,18.039222,1,40.56707556,-105.0778148,150792,4700.343595,0.526479145,1,3,72.09631598
530,0,702.2490886,12.69698911,0,18.039222,1,40.56707556,-105.0778148,150792,4700.347345,-2.267026725,1,3,72.09256578
531,0,702.8865402,12.79524609,0,18.431379,1,40.56707556,-105.0778148,150792,4700.351095,-5.25,1,3,72.08881559
532,0,707.4110778,11.5,0,18.431379,1,40.56707556,-105.0778147,150792,4700.354845,-5.213400956,1,3,72.0850654
533,0,708,11,0,18.431379,1,40.56707556,-105.0778147,150792,4700.358595,-5.125,1,3,72.08131521
534,0,707.6936989,10.5,0,18.431379,1,40.56707556,-105.0778146,150792,4700.362346,-5.149707071,1,3,72.07756501
535,0,705.8085709,10.5,0,18.431379,1,40.56707556,-105.0778146,150792,4700.366096,-5.0625,1,3,72.07381482
536,0,698.9177178,11,0,18.431379,1,40.56707556,-105.0778145,150792,4700.369846,-5.125,1,3,72.07006463
537,0,700.7427349,11.5,0,18.431379,1,40.56707556,-105.0778145,150792,4700.373596,-5.0625,1,3,72.06631444
538,0,702.0830924,10,0,18.431379,1,40.56707556,-105.0778144,150792,4700.377346,-5.100554134,1,3,72.06256424
539,0,699.6477297,12.22832875,0,18.431379,1,40.56707556,-105.0778144,150792,4700.381097,-5.103342918,1,1,72.05881405
540,0,697.8460406,10.53534294,0,18.25441165,1,40.56707556,-105.0778144,150792,4700.384847,-5.0625,1,1,72.05506386
541,0,704.8538452,9.264444968,0,18.431379,1,40.56707556,-105.0778143,150792,4700.388597,-4.050937905,1,1,72.05131367
542,0,695.7038939,11.51774575,0,18.431379,1,40.56707556,-105.0778143,150792,4700.392347,-2.25,1,1,72.04756347
543,0,700.2344666,11.26978376,0,1.900904516,1,40.56707556,-105.0778142,150792,4700.396097,-4.0625,1,1,72.04381328
544,0.861199888,688.3262253,11.74327706,0,0,1,40.56707556,-105.0778142,150792,4700.399848,-6,1,1,72.04006309
545,1.865778622,672.2389351,12,0.601695055,0,1,40.56707556,-105.0778096,150783.4479,4700.787087,2.668155628,1,2,71.65282376
546,3.500735034,1131.355866,98.92316331,13.333338,0,1,40.56707556,-105.0778,150766.2285,4701.599127,4,1,2,70.84078411
547,6.854772583,1569.89991,91.77824873,14.117652,0,1,40.56707556,-105.0777802,150750.1264,4703.269474,2.9375,1,2,69.17043662
548,10.31936412,2159.916079,129.2991277,14.509809,0,1,40.56707556,-105.0777454,150734.2281,4706.209073,2.790487142,1,2,66.23083767
549,13.44733457,1943.296916,81.5,12.156867,0,1,40.5670754,-105.0776942,150721.1404,4710.538605,2.666043771,2,2,61.90130576
550,15.02737102,1873.267217,29.48180802,0,0,1,40.56707512,-105.0776234,150709.501,4716.51906,4.3125,2,2,55.92085099
551,15.42902337,1452.613821,7.296382853,0,17.254908,1,40.56707484,-105.0775461,150691.5408,4723.042873,3.541267995,4,2,49.39703723
552,13.58505101,1293.086273,-4,0,19.60785,1,40.56707457,-105.0774696,150679.3051,4729.510134,4.4375,4,3,42.92977666
553,11.10738217,1041.583097,-3.378401367,0,20.392164,1,40.56707428,-105.0773959,150668.8866,4735.735623,8.39558489,4,3,36.70428796
554,8.308654684,940.7915624,4.504505859,0,22.745106,1,40.56707417,-105.0773385,150661.2951,4740.577116,8.625,3,3,31.86279422
555,4.398121774,802.1578355,2,0,23.137263,1,40.56707432,-105.0772973,150640.5828,4744.059778,8.375,1,3,28.38013289
556,1.08288127,712.6819686,14.5,0,23.137263,1,40.5670746,-105.0772726,150636.6638,4746.146972,7.4375,1,3,26.29293826
557,0,718.847426,11.80485819,0,25.098048,1,40.56707472,-105.0772648,150651.9273,4746.805143,7.103857625,1,3,25.6347673
558,0,0,-19.5,0,27.058833,1,40.56707472,-105.0772644,150640.8179,4746.839393,7.1875,1,3,25.60051797
559,0,0,-19.28982859,0,6.666669,1,40.56707472,-105.077264,150584.6669,4746.873642,7.1875,1,3,25.56626865
560,0,679.8575723,3.5,0,14.117652,1,40.56707472,-105.0772637,150535.9972,4746.900228,7.9375,1,3,25.53968214
561,0,716.7469438,10.19379348,0,17.67952357,1,40.56707472,-105.0772637,150519.7672,4746.90122,10.375,1,3,25.53869048
562,0,733.3537745,11.27205674,0,19.60785,1,40.56707472,-105.0772637,150515.8839,4746.902212,9.269906044,1,3,25.53769881
563,0,752.1940672,18.18507533,0,19.69249752,1,40.56707472,-105.0772637,150511.6722,4746.903203,8.893660745,1,3,25.53670714
564,0,755.3334671,12.5,0,19.215693,1,40.56707472,-105.0772636,150506.3046,4746.904195,8.6875,1,3,25.53571548
565,0,734.2386787,14.81652248,0,19.60785,1,40.56707472,-105.0772636,150507.4099,4746.905187,8.607344836,1,3,25.53472381
566,0,725.918994,13,0,20.000007,1,40.56707472,-105.0772636,150510.5619,4746.906178,8,1,3,25.53373214
567,0,722.3018063,12.83349963,0,19.215693,1,40.56707472,-105.0772636,150510.4605,4746.90717,7.875,1,3,25.53274048
568,0,712.3267951,13.5,0,19.215693,1,40.56707472,-105.0772636,150510,4746.908162,7.660170046,1,3,25.53174881
569,0,717.8022402,12.32423184,0,19.215693,1,40.56707472,-105.0772636,150509.4419,4746.909153,7.892550904,1,3,25.53075714
570,0,717.8913254,11,0,14.901966,1,40.56707472,-105.0772636,150509,4746.910145,7.9375,1,3,25.52976547
571,0,709.1147865,11,0,16.862751,1,40.56707472,-105.0772636,150509,4746.911137,7.4375,1,3,25.52877381
572,0,706.2486963,11.17343239,0,16.862751,1,40.56707472,-105.0772635,150509,4746.912128,6.9375,1,3,25.52778214
573,0,701.9451394,10.66246344,0,17.254908,1,40.56707472,-105.0772635,150508.4597,4746.91312,8.171311935,1,3,25.52679047
574,0,706.0625224,10.5,0,17.6353107,1,40.56707472,-105.0772635,150508,4746.914112,6.82944224,1,3,25.52579881
575,0,698.8989733,11.66935526,0,17.254908,1,40.56707472,-105.0772635,150508,4746.915103,6.891784653,1,3,25.52480714
576,0,701.85134,11.17054234,0,17.647065,1,40.56707472,-105.0772635,150508,4746.916095,7.0625,1,3,25.52381547
577,0,693.6489616,12.83320453,0,18.823536,1,40.56707472,-105.0772635,150508,4746.917087,7.125,1,3,25.52282381
578,0,705.1429207,11,0,18.94399133,1,40.56707472,-105.0772635,150508,4746.918078,7.25,1,3,25.52183214
579,0,697.9465462,11.66155063,0,19.215693,1,40.56707472,-105.0772635,150508,4746.91907,5.735514019,1,3,25.52084047
580,0,702.3327417,10.84663278,0,19.215693,1,40.56707472,-105.0772635,150508,4746.920062,6.4375,1,3,25.51984881
581,0,695.452481,12.34410518,0,19.215693,1,40.56707472,-105.0772634,150508,4746.921053,6.8125,1,3,25.51885714
582,0,700.433896,11,0,19.215693,1,40.56707472,-105.0772634,150508,4746.922045,6.717639219,1,3,25.51786547
583,0,701.0793413,10.5,0,19.215693,1,40.56707472,-105.0772634,150508,4746.923037,6.75,1,3,25.5168738
584,0,705.3501089,10,0,19.215693,1,40.56707472,-105.0772634,150508,4746.924028,6.8125,1,3,25.51588214
585,0,694.0338482,12,0,19.215693,1,40.56707472,-105.0772634,150508,4746.92502,6.875,1,3,25.51489047
586,0,701.7804477,10.5,0,19.215693,1,40.56707472,-105.0772634,150508,4746.926012,7.363510017,1,3,25.5138988
587,0,700.3077353,11,0,19.215693,1,40.56707472,-105.0772634,150508,4746.927003,7.445309474,1,3,25.51290714
588,0,703.2516447,10.5,0,19.215693,1,40.56707472,-105.0772634,150508,4746.927995,7.4375,1,3,25.51191547
589,0,699.4181441,10.5,0,17.647065,1,40.56707472,-105.0772633,150508,4746.928987,6.797107797,1,3,25.5109238
590,0,694.4755855,12,0,16.862751,1,40.56707472,-105.0772633,150508,4746.929978,5.5,1,3,25.50993214
591,0,703.9132466,10.5,0,17.35570806,1,40.56707472,-105.0772633,150508,4746.93097,4.5625,1,3,25.50894047
592,0,696.5781276,11.5,0,17.647065,1,40.56707472,-105.0772633,150508,4746.931962,5.25,1,3,25.5079488
593,0,699.5980627,11,0,17.647065,1,40.56707472,-105.0772633,150508,4746.932953,6.0625,1,3,25.50695714
594,0,685.3259702,13.59752051,0,18.039222,1,40.56707472,-105.0772633,150508,4746.933945,6.0625,1,3,25.50596547
595,0,669.6395506,17.41417332,0,18.039222,1,40.56707472,-105.0772633,150508,4746.934937,6.123013334,1,3,25.5049738
596,0,666.5908456,20.91828156,0,18.039222,1,40.56707472,-105.0772633,150508,4746.935928,6.125,1,3,25.50398214
597,0,671.4412296,21,0,18.039222,1,40.56707472,-105.0772633,150508,4746.93692,6.125,1,3,25.50299047
598,0,673.1324467,21.5,0,18.039222,1,40.56707472,-105.0772632,150508,4746.937912,6.3125,1,3,25.5019988
599,0,691.8129494,18.93195447,0,18.039222,1,40.56707472,-105.0772632,150508,4746.938903,6.306234771,1,3,25.50100713
600,0,703.4191443,15.5,0,18.039222,1,40.56707472,-105.0772632,150508,4746.939895,6.3125,1,3,25.50001547
601,0,718.2610094,11.13187768,0,18.039222,1,40.56707472,-105.0772632,150508,4746.940887,6.255778265,1,3,25.4990238
602,0,721.8785173,10.5,0,18.039222,1,40.56707472,-105.0772632,150508.5647,4746.941878,6.307088572,1,3,25.49803213
603,0,722.6832688,9,0,18.039222,1,40.56707472,-105.0772632,150509,4746.94287,6.254605711,1,3,25.49704047
604,0,718.6694437,8.5,0,18.039222,1,40.56707472,-105.0772632,150509,4746.943862,6.251641297,1,3,25.4960488
605,0,721.4196706,6.5,0,18.039222,1,40.56707472,-105.0772632,150509,4746.944853,6.1875,1,3,25.49505713
606,0,709.8970221,7.032705061,0,18.039222,1,40.56707472,-105.0772631,150509,4746.945845,6.187795152,1,3,25.49406547
607,0,703.7023176,7.540166488,0,18.039222,1,40.56707472,-105.0772631,150509,4746.946837,6.25,1,3,25.4930738
608,0,705.7818101,7.5,0,18.039222,1,40.56707472,-105.0772631,150509,4746.947828,6.231600686,1,3,25.49208213
609,0,707.897582,7,0,18.25579627,1,40.56707472,-105.0772631,150509,4746.94882,6.1875,1,3,25.49109047
610,0,698.3730711,8.4671978,0,18.039222,1,40.56707472,-105.0772631,150509,4746.949812,6.125,1,3,25.4900988
611,0,702.7064331,7.5,0,18.431379,1,40.56707472,-105.0772631,150509,4746.950803,6.125,1,3,25.48910713
612,0,703.1575642,6.5,0,18.039222,1,40.56707472,-105.0772631,150509,4746.951795,6.125,1,3,25.48811547
613,0,700.3922394,7.5,0,18.039222,1,40.56707472,-105.0772631,150509,4746.952787,6.125,1,3,25.4871238
614,0,699.561984,7,0,18.039222,1,40.56707472,-105.0772631,150509,4746.953778,5.875,1,3,25.48613213
615,0,703.7631992,6.015162602,0,18.039222,1,40.56707472,-105.077263,150509,4746.95477,5.921632791,1,3,25.48514046
616,0,703.2832417,6,0,18.039222,1,40.56707472,-105.077263,150509,4746.955762,5.891841646,1,3,25.4841488
617,0,696.2639931,8,0,18.039222,1,40.56707472,-105.077263,150509,4746.956754,5.8125,1,3,25.48315713
618,0,704.4750036,6,0,18.039222,1,40.56707472,-105.077263,150509,4746.957745,5.82891206,1,3,25.48216546
619,0,701.9285564,8.5,0,18.039222,1,40.56707472,-105.077263,150509,4746.958737,5.827680312,1,3,25.4811738
620,0,697.7580379,8.001721768,0,18.039222,1,40.56707472,-105.077263,150509,4746.959729,5.6875,1,3,25.48018213
621,0,695.450471,9.004614329,0,18.039222,1,40.56707472,-105.077263,150509,4746.96072,5.984216645,1,3,25.47919046
622,0,704.4285028,8.5,0,18.039222,1,40.56707472,-105.077263,150509,4746.961712,6.424362086,1,3,25.4781988
623,0,699.6391798,8,0,18.039222,1,40.56707472,-105.0772629,150509,4746.962704,6.405676193,1,3,25.47720713
624,0,698.922085,9.514050013,0,18.039222,1,40.56707472,-105.0772629,150509,4746.963695,6.452638337,1,3,25.47621546
625,0,689.4656073,10,0,18.039222,1,40.56707472,-105.0772629,150509,4746.964687,6.452453058,1,3,25.4752238
626,0,691.5291853,10.99479387,0,18.039222,1,40.56707472,-105.0772629,150509,4746.965679,6.375,1,3,25.47423213
627,0,687.3496266,12.49607928,0,18.039222,1,40.56707472,-105.0772629,150509,4746.96667,6.422977811,1,3,25.47324046
628,0,696.680431,10,0,18.039222,1,40.56707472,-105.0772629,150509,4746.967662,6.389383331,1,3,25.47224879
629,0,694.518347,11.5,0,18.039222,1,40.56707472,-105.0772629,150509,4746.968654,6.326701677,1,3,25.47125713
630,0,695.6391251,11.5,0,18.039222,1,40.56707472,-105.0772629,150509,4746.969645,6.423547967,1,3,25.47026546
631,0,701.4733379,10,0,18.431379,1,40.56707472,-105.0772629,150509,4746.970637,6.388798697,1,3,25.46927379
632,0,699.7334087,12.02601232,0,18.431379,1,40.56707472,-105.0772628,150509,4746.971629,6.426161318,1,3,25.46828213
633,0,693.2641764,11.47950637,0,18.431379,1,40.56707472,-105.0772628,150509,4746.97262,6.424145916,1,3,25.46729046
634,0,692.7449965,13,0,18.431379,1,40.56707472,-105.0772628,150509,4746.973612,6.4375,1,3,25.46629879
635,0,699.2588633,11,0,18.431379,1,40.56707472,-105.0772628,150509,4746.974604,6.4375,1,3,25.46530713
636,0,702.2584823,10.48267292,0,18.431379,1,40.56707472,-105.0772628,150509,4746.975595,6.375,1,3,25.46431546
637,0,703.9990767,10.02482987,0,18.431379,1,40.56707472,-105.0772628,150509,4746.976587,6.4375,1,3,25.46332379
638,0,708.9986395,9.5,0,18.431379,1,40.56707472,-105.0772628,150509,4746.977579,6.375,1,3,25.46233213
639,0,709.5134788,8.5,0,18.431379,1,40.56707472,-105.0772628,150509,4746.97857,6.336795853,1,3,25.46134046
640,0,701.5126584,8.5,0,18.431379,1,40.56707472,-105.0772628,150509,4746.979562,6.387016006,1,3,25.46034879
641,0,707.75,8.529383906,0,18.431379,1,40.56707472,-105.0772627,150509,4746.980554,6.425795484,1,3,25.45935713
642,0,700.227504,10.08287955,0,18.431379,1,40.56707472,-105.0772627,150509,4746.981545,6.4375,1,3,25.45836546
643,0,704.0350451,8.538499312,0,18.431379,1,40.56707472,-105.0772627,150509,4746.982537,6.4375,1,3,25.45737379
644,0,695.5285527,10.5,0,18.431379,1,40.56707472,-105.0772627,150509,4746.983529,6.4375,1,3,25.45638212
645,0,701.194523,9.943558691,0,18.431379,1,40.56707472,-105.0772627,150509,4746.98452,6.431460972,1,3,25.45539046
646,0,698.2092987,10,0,18.431379,1,40.56707472,-105.0772627,150509,4746.985512,6.375,1,3,25.45439879
647,0,701.7616984,9.608491601,0,18.16237354,1,40.56707472,-105.0772627,150509,4746.986504,6.364464754,1,3,25.45340712
648,0,702.5559606,9.059345579,0,22.745106,1,40.56707472,-105.0772627,150509,4746.987495,6.447850556,1,3,25.45241546
649,0,695.8132332,10.43042328,0,21.176478,1,40.56707472,-105.0772626,150509,4746.988487,6.4375,1,3,25.45142379
650,0,690.4777415,11.5,0,20.784321,1,40.56707472,-105.0772626,150509,4746.989479,6.4375,1,3,25.45043212
651,0,700.1172517,11.5,0,21.00962491,1,40.56707472,-105.0772626,150509,4746.99047,6.375,1,3,25.44944046
652,0,694.1459476,10.5,0,21.05305978,1,40.56707472,-105.0772626,150509,4746.991462,6.490524106,1,3,25.44844879
653,0,697.8206581,11.5,0,21.08476654,1,40.56707472,-105.0772626,150509,4746.992454,6.4375,1,3,25.44745712
654,0,701.552446,10.5,0,20.784321,1,40.56707472,-105.0772626,150509,4746.993445,6.321677778,1,3,25.44646546
655,0,697.40769,11,0,21.14072426,1,40.56707472,-105.0772626,150509,4746.994437,6.381202925,1,3,25.44547379
656,0,703.9648029,11,0,20.784321,1,40.56707472,-105.0772626,150509,4746.995429,6.425710197,1,3,25.44448212
657,0,696.3946331,11,0,20.784321,1,40.56707472,-105.0772626,150509,4746.99642,6.375,1,3,25.44349046
658,0,700.8625642,12,0,20.82913954,1,40.56707472,-105.0772625,150509,4746.997412,6.441671108,1,3,25.44249879
659,0,699.0823737,11,0,20.86469383,1,40.56707472,-105.0772625,150509,4746.998404,6.4375,1,3,25.44150712
660,0,694.1190068,11.5,0,1.644039159,1,40.56707472,-105.0772625,150509,4746.999395,6.432406054,1,1,25.44051545
661,1.511901437,1114.885163,97.88802984,15.99061724,0,1,40.56707472,-105.0772614,150509,4747.091665,3.931993051,1,1,25.34824592
662,6.987184899,1936.205664,154.5,21.176478,0,1,40.56707472,-105.0772498,150510.2083,4748.073731,0,1,1,24.36617965
663,12.67532843,2622.419813,156.1236381,18.823536,0,1,40.56707489,-105.0772133,150513.4251,4751.152684,13.71706944,1,1,21.28722684
664,15.73897242,2210.545848,75,12.549024,0,1,40.56707552,-105.0771495,150511.3757,4756.549066,50.1960357,2,1,15.8908446
665,17.39353585,2127.899585,36,11.372553,0,1,40.56708058,-105.0770691,150506.5996,4763.365035,133.0147839,2,1,9.074875322
666,18.19819917,1738.672692,71.87726002,12.549024,0,1,40.56710135,-105.076985,150488.2118,4770.889592,129.5197268,4,2,1.55031823
667,19.31026091,1622.106107,69,15.294123,0,1,40.56714532,-105.0769125,150480.6062,4778.822361,114.5677573,4,3,428.3509974
668,21.09283919,1704.446796,215.5960712,25.490205,0,1,40.56721016,-105.0768627,150481.1954,4787.248585,104.7588306,5,3,419.9247731
669,23.9133805,1836.164401,223.3601383,28.235304,0,0,40.56729159,-105.0768428,150506.4956,4796.532078,11.22488414,5,3,410.6412798
670,26.89619095,2047.246984,238.149928,28.627461,0,0,40.56738608,-105.0768434,150523.3981,4807.046496,5.1875,5,3,400.126862
671,29.26770807,2223.216401,167.310012,23.52942,0,0,40.5674922,-105.0768494,150524.8012,4818.857518,4.735131593,5,3,388.3158401
672,30.9575909,1898.182336,135.7211842,23.52942,0,0,40.56760774,-105.0768565,150547.0455,4831.719385,5.192074074,5,3,375.4539735
673,32.43550436,1848.074883,197.5,24.705891,0,0,40.56773015,-105.076864,150593.5518,4845.345311,3,6,3,361.8280475
674,34.26221702,1932.482289,171.8513043,23.921577,0,0,40.56785666,-105.0768632,150682.0034,4859.420328,3.432992203,6,3,347.7530306
675,35.82323689,2033.031486,157.5,23.52942,0,0,40.56799032,-105.0768639,150746.4608,4874.287028,3.375,6,3,332.88633
676,37.02982803,2086.414672,126,21.960792,0,0,40.56813179,-105.0768685,150801.4549,4890.022233,3.375,6,3,317.1511247
677,37.90202348,1478.871147,131.8603386,19.60785,0,0,40.56827846,-105.0768721,150830.2029,4906.334213,3.508488484,7,3,300.839145
678,38.64604564,1511.097132,124.5,19.60785,0,0,40.56842855,-105.076875,150857.9056,4923.025803,4.1875,7,3,284.1475556
679,38.894377,1627.661157,53.5,13.725495,0,0,40.56858064,-105.0768716,150859.8596,4939.942674,5.123226511,7,3,267.230684
680,38.72632278,1665.75,54.46167769,13.725495,0,0,40.56873417,-105.0768706,150892.2299,4957.018744,7.4375,7,3,250.1546142
681,38.44178726,1517.578756,-15.08698169,0,0,0,40.56888764,-105.0768758,150890.9484,4974.089671,5.996909131,7,3,233.0836874
682,37.79179436,1465.260207,-21.68045005,0,0,0,40.56903993,-105.0768837,150860.1735,4991.036877,5.696855089,7,3,216.1364816
683,36.84586377,1403.572165,-40,0,0,0,40.56918923,-105.0768936,150901.0303,5007.660188,5.86881463,7,3,199.5131703
684,35.82339031,1370.621545,-46,0,0.784314,0,40.56933496,-105.0769045,150944.9623,5023.890127,3.616541416,7,3,183.2832315
685,34.74744533,1328.5,-45.5,0,1.568628,0,40.56947708,-105.0769109,150932.1352,5039.704547,2.184392525,7,3,167.4688114
686,33.69547815,1282.768639,-44,0,3.137256,0,40.56961514,-105.0769178,150919.1984,5055.068398,3.619872662,7,3,152.1049599
687,32.6557175,1238.918368,-43.5,0,0.392157,0,40.5697487,-105.0769266,150886.9613,5069.93827,3.125,7,3,137.2350882
688,31.54030584,1200.845386,-43,0,0.784314,0,40.56987806,-105.0769349,150902.6475,5084.339062,2.997563479,7,3,122.834296
689,30.15445881,1145.778711,-42.5,0,15.294123,0,40.57000328,-105.0769426,150940.5542,5098.278786,2.561504653,7,3,108.8945719
690,27.42026327,1208.383661,-42.5,0,19.215693,0,40.57012174,-105.0769497,150923.3658,5111.464557,4.0625,6.029292846,3,95.7088011
691,24.28967667,1351.698942,-41.5,0,20.392164,0,40.57022995,-105.0769562,150906.5932,5123.509739,1.185255167,6,3,83.66361869
692,21.18784778,1192.279742,-42,0,15.0914695,0,40.57032628,-105.0769616,150891.0597,5134.231025,3.75,6,3,72.94233293
693,18.79368751,1390.071628,-40.72606857,0,18.95219375,0,40.57041094,-105.0769661,150902.3053,5143.651649,5.748502074,5,3,63.52170943
694,15.63110837,1155.04273,-41,0,21.960792,0,40.57048514,-105.0769701,150887.4127,5151.909892,6.3125,5,3,55.26346643
695,12.57747864,938.3466997,-39.5,0,14.117652,0,40.57054724,-105.0769738,150873.6447,5158.821422,3.374623731,5,3,48.35193599
696,10.76349109,995.1615597,-11.23180692,0,0.739622801,0,40.570598,-105.0769772,150915.8793,5164.473797,3.061844167,4,3,42.69956151
697,8.114264028,843.1557856,2,0,16.862751,0,40.57064123,-105.0769801,150945.5125,5169.286229,2.5,4,3,37.88712883
698,5.290743988,828.3531499,-3.5,0,16.470594,0,40.57067465,-105.0769821,150971.2518,5173.005993,2.5,1,3,34.16736547
699,2.764554095,702.561929,11,0,14.509809,0,40.57069637,-105.0769834,150986.2562,5175.424119,2.499368687,1,3,31.74923933
700,1.680654863,706.2095227,10,0,12.549024,0,40.57070859,-105.0769841,150990.2569,5176.784531,2.436410199,1,3,30.38882715
701,0.898190276,695.1796951,14.23765018,0,7.84314,0,40.57071534,-105.0769845,150999.2548,5177.536253,5.177418647,1,3,29.6371048
702,1.184488469,685.4755956,15.5,0,8.74743006,0,40.57072013,-105.0769847,150983.6619,5178.069601,4.125468499,1,3,29.10375732
703,1.029145719,686.75,16,0,10.196082,0,40.57072474,-105.0769849,150961.7812,5178.582387,4.063920741,1,3,28.59097145
704,0.657819913,689.4572057,16.5,0,11.372553,0,40.5707288,-105.0769852,150960.6997,5179.033892,4.125,1,1,28.13946612
705,0,708.7255695,16,0,11.76471,0,40.57073141,-105.0769853,150972.8155,5179.324097,4.125,1,1,27.84926155
706,0,701.2760918,16,0,0,0,40.57073253,-105.0769853,150960.8013,5179.448788,4.1875,1,1,27.72456984
707,2.048434047,1393.98406,106.9645953,17.647065,0,0,40.57073384,-105.0769854,150944.5157,5179.595737,4.0625,1,1,27.57762073
708,7.704158343,2016.08614,157.7631101,21.568635,0,0,40.57074406,-105.076986,150940.2643,5180.733444,2.125,1,1,26.4399142
709,13.38766835,2757.016381,145.3107212,21.960792,0,0,40.57077412,-105.0769875,150943.6441,5184.078192,3.625,1,1,23.09516658
710,17.8144179,2592.511086,180.5,25.490205,0,0,40.57082578,-105.0769898,150945.2561,5189.825157,3.5026408,2,1,17.34820093
711,21.91936536,2654.489378,132,26.666676,0,0,40.57089587,-105.0769928,150952.7303,5197.623024,2.75,2,1,9.550333736
712,25.47240754,2432.654469,184.5,27.45099,0,0,40.57098172,-105.0769963,150956.6798,5207.173358,2.375,4,2,367.6223149
713,28.75247183,2521.385416,156.267118,27.45099,0,0,40.57108207,-105.0769999,150971.8513,5218.336179,0.5,4,2,356.4594937
714,31.56250147,2376.89696,190,27.45099,0,0,40.57119524,-105.0770029,150993.9114,5230.923459,1.75,5,2,343.8722145
715,33.78537007,2528.381096,126.6685092,20.392164,0,0,40.57131916,-105.0769983,151014.423,5244.71323,5.069323534,5,2,330.0824431
716,35.06260714,2070.066123,130.3250504,21.176478,0,0,40.57145189,-105.0769951,151015.8191,5259.479652,2.808525357,6,2,315.3160208
717,36.21977224,2060.083875,113.5014668,19.215693,0,0,40.57159042,-105.0769954,150997.7158,5274.88401,3.195906184,6,2,299.9116631
718,36.8743756,1716.558456,50.21217788,18.823536,0,0,40.57173343,-105.0769946,150963.8138,5290.785383,6.25,6,2,284.0102904
719,37.47785551,1462.389445,113,18.823536,0,0,40.57187959,-105.076994,150903.7698,5307.037941,4.682958269,7,2,267.7577324
720,38.08155414,1487.570223,118.5,18.823536,0,0,40.57202745,-105.0769937,150907.1469,5323.47964,4.192309303,7,2,251.3160327
721,38.35064283,1467.96071,28.50605784,0,0,0,40.57217745,-105.0769934,150940.8214,5340.158903,3.693506445,7,2,234.6367699
722,38.0617257,1514.521186,46,11.76471,0,0,40.57232896,-105.0769893,150969.9541,5357.010883,4.802459341,7,2,217.7847899
723,38.04899464,1562.25,37.5,10.980396,0,0,40.57248023,-105.0769859,150951.919,5373.83526,4.75,7,3,200.9604132
724,37.89264672,1495.758863,20.16122656,0,0,0,40.57263101,-105.0769851,150941.4405,5390.601798,4.744580394,7,3,184.1938749
725,37.26559157,1439.5,-13.59920005,0,6.274512,0,40.57278104,-105.0769842,150879.7914,5407.284152,5.51126732,7,3,167.5115207
726,36.21889957,1384.289969,-39,0,12.549024,0,40.57292842,-105.0769841,150876.488,5423.672152,7.875,7,3,151.1235213
727,34.62658044,1323.5,-44,0,14.509809,0,40.57307161,-105.0769861,150907.8116,5439.594954,13.61901913,7,3,135.200719
728,32.80187719,1246.444456,-42,0,18.823536,0,40.57320894,-105.0769927,150900.5269,5454.877696,5.125,7,3,119.9179771
729,30.10189962,1138.426053,-40.35194891,0,22.352949,0,40.57333825,-105.0770024,150885.8634,5469.279287,3.825910248,7,3,105.516386
730,26.75569783,1240.517137,-40,0,18.431379,0,40.57345698,-105.0770118,150919.0927,5482.505405,4.179952705,6,3,92.29026843
731,23.83276549,1326.033573,-40,0,21.960792,0,40.57356394,-105.0770202,150945.3866,5494.420251,3.679956164,6,3,80.37542256
732,21.42458077,1192.535162,-40,0,19.60785,0,40.57365913,-105.0770278,150959.8861,5505.0245,-0.289182975,6,3,69.77117298
733,18.50783472,1245.691605,-40,0,21.176478,0,40.57374352,-105.077034,150950.7089,5514.422608,-1.4375,5,3,60.37306498
734,15.39984982,1136.129567,-40,0,21.960792,0,40.57381718,-105.0770383,150916.4052,5522.621915,-6.775884089,5,3,52.17375829
735,11.97376264,981.748022,-39,0,22.352949,0,40.57387842,-105.0770405,150884.9009,5529.433935,0.125,5,3,45.36173815
736,8.479444098,868.5771827,-1.226306524,0,25.490205,0,40.57392655,-105.0770414,150851.3373,5534.786169,2.17851417,3,3,40.00950365
737,4.606825777,821.5833595,1.141640559,0,26.666676,0,40.57396093,-105.0770418,150844.408,5538.609426,2.0625,1,3,36.18624743
738,1.27150355,706.5758993,14.26489777,0,23.137263,0,40.57398004,-105.0770419,150861.1017,5540.733811,1.8125,1,3,34.06186241
739,0,713.0335915,14,0,23.921577,0,40.57398652,-105.0770419,150857.2338,5541.454736,1.677324608,1,3,33.34093685
740,0,0,-19.5,0,16.79632258,0,40.57398733,-105.0770419,150832.3256,5541.544377,2.875,1,3,33.25129574
741,0.369223923,710.726371,-1.86588141,0,4.765762908,0,40.57398782,-105.0770419,150819.4367,5541.599599,2.448780835,1,3,33.19607379
742,1.173315197,721.25,4.863844599,0,13.333338,0,40.57399026,-105.0770419,150824.0614,5541.871257,2.375,1,3,32.9244156
743,0.095339848,729.1059548,11.63348291,0,16.862751,0,40.57399399,-105.0770419,150826.8812,5542.285572,2.5,1,3,32.5101012
744,0,690.7508197,18.5,0,17.254908,0,40.57399545,-105.0770419,150828.2315,5542.447749,2.625,1,1,32.34792358
745,0,683.8051402,20,0,0,0,40.57399619,-105.0770419,150830.5576,5542.530121,2.698852243,1,1,32.26555224
746,2.46809324,1168.684167,101.8595941,15.68628,0,0,40.57399852,-105.0770419,150837.7221,5542.788927,2.448447787,1,1,32.00674635
747,7.402624109,1904.926153,167.1060109,23.137263,0,0,40.57400948,-105.0770418,150831.7566,5544.00828,4.948558434,1,1,30.78739281
748,13.64444564,2834.111279,183.5,23.137263,0,0,40.57403854,-105.0770415,150829.1681,5547.239088,8.932440902,1,1,27.55658533
749,18.92141413,2712.446617,154,23.137263,0,0,40.57409077,-105.0770414,150835.1187,5553.046711,4.010598086,2,1,21.7489621
750,22.85790637,2778.141133,93.5,22.745106,0,0,40.57416377,-105.0770411,150843.8528,5561.164389,3.343011651,2,1,13.63128436
751,25.94449106,2475.063182,126.9028578,21.568635,0,0,40.5742559,-105.0770394,150830.9987,5571.410114,5.3125,4,1,3.385559267
752,28.55496956,2384.327315,93.93537759,21.568635,0,0,40.57436012,-105.0770377,150802.5922,5582.999187,5.25,4,3,409.2784159
753,30.8622551,2346.069189,129,21.568635,0,0,40.5744726,-105.0770366,150827.3366,5595.506965,8.022422917,5,3,396.7706381
754,32.84870722,2130.756633,92.56005227,21.568635,0,0,40.57459387,-105.077036,150812.7058,5608.99233,3.625,5,3,383.2852723
755,34.40893791,1941.25,134.5,21.568635,0,0,40.57472303,-105.0770354,150776.7871,5623.354386,3.761707234,6,3,368.9232165
756,35.93328725,2025.340634,133.5,21.568635,0,0,40.57485913,-105.0770344,150780.5446,5638.488417,4.663576804,6,3,353.789186
757,37.04937086,1863.690087,54,19.60785,0,0,40.57500081,-105.0770329,150704.51,5654.241957,5.4375,6,3,338.0356461
758,37.59585789,1458.399872,87.9236776,16.862751,0,0,40.57514686,-105.0770316,150657.2357,5670.482572,5.074071613,7,3,321.795031
759,37.84413066,1467.692347,70,14.901966,0,0,40.57529544,-105.0770305,150638.6971,5687.004354,4.449658333,7,3,305.2732487
760,37.93275777,1469.412627,70.5,14.901966,0,0,40.57544495,-105.0770292,150617.457,5703.629609,5.325402286,7,3,288.6479939
761,37.91494444,1468.5,60,13.725495,0,0,40.57559488,-105.077028,150643.8565,5720.301902,6.099667816,7,3,271.9757004
762,37.61076968,1567.051773,48.1635313,13.725495,0,0,40.57574551,-105.0770258,150671.4824,5737.052254,4.3125,7,3,255.2253482
763,37.47643844,1602.305008,54.5,13.333338,0,0,40.57589525,-105.0770238,150632.3055,5753.703405,4.638135383,7,3,238.5741974
764,37.27244264,1583.637094,55,13.333338,0,0,40.57604365,-105.0770224,150619.5081,5770.204399,4.860402056,7,3,222.0732032
765,36.91480302,1498.435077,35.5,0,0,0,40.57619151,-105.0770204,150641.7984,5786.646547,6.298905294,7,3,205.6310559
766,36.15517141,1398.099689,-14.44938684,0,0.392157,0,40.57633763,-105.0770185,150679.6875,5802.895315,5.5625,7,3,189.3822877
767,35.01909497,1351.53659,-37.5,0,0.392157,0,40.57648118,-105.0770173,150677.8183,5818.858055,4.407960242,7,3,173.4195478
768,33.78652635,1283.96405,-43,0,1.608657839,0,40.57662152,-105.0770166,150699.6943,5834.463232,4.5,7,3,157.8143704
769,32.74729874,1254.280916,-42.5,0,5.561262752,0,40.57675666,-105.0770158,150778.0504,5849.490563,5.3125,7,3,142.7870393
770,31.29150356,1186.184082,-40.5,0,13.725495,0,40.57688618,-105.0770147,150818.6052,5863.892225,3.860399907,7,3,128.3853778
771,29.08844599,1109.405459,-38.5,0,16.470594,0,40.57700998,-105.0770134,150866.957,5877.65846,3.125,7,3,114.619143
772,26.65216755,1406.796498,-38,0,18.431379,0,40.57712624,-105.0770118,150865.5528,5890.586777,4.5,6,3,101.6908252
773,23.4525254,1306.074141,-38,0,21.176478,0,40.57723196,-105.0770102,150859.6014,5902.34305,4.5625,6,3,89.93455224
774,20.61388222,1221.764688,-38,0,13.333338,0,40.57732595,-105.0770087,150804.2755,5912.795176,4.5,6,3,79.48242698
775,18.61965661,1379.515604,-38,0,15.294123,0,40.57740864,-105.0770074,150773.3808,5921.990897,3.797083842,5,3,70.2867056
776,16.24707365,1199.068891,-38,0,17.91823575,0,40.57748239,-105.0770062,150801.1409,5930.192467,2.0625,5,3,62.08513553
777,13.32103184,973.0960037,-37,0,18.431379,0,40.57754738,-105.0770046,150810.0262,5937.420469,2.927584773,5,3,54.8571333
778,11.21712654,1029.061973,-13.99067025,0,16.470594,0,40.57760161,-105.0770033,150851.9125,5943.450724,4.765929698,4,3,48.82687883
779,8.78874634,853.4352059,5.000846151,0,22.352949,0,40.57764641,-105.0770022,150905.8754,5948.433979,4.6875,4,3,43.84362402
780,4.635112405,796.4238969,14.49754201,0,25.490205,0,40.57768074,-105.0770012,150970.4511,5952.251984,4.483382532,1,1,40.02561821
781,0.801779324,746.8472181,11.47476305,0,25.098048,0,40.57770029,-105.0770007,151014.4746,5954.426407,3.079621473,1,1,37.85119609
782,0,680.9873756,10.5,0,0,0,40.57770627,-105.0770004,150976.0202,5955.092126,3.517150298,1,1,37.18547658
783,2.29562849,1495.80276,121.4552767,19.59031143,0,0,40.5777084,-105.0770003,150874.433,5955.330518,4.732402372,1,1,36.94708469
784,7.885500686,1985.595018,148.5,20.000007,0,0,40.57771922,-105.077,150813.4847,5956.534306,8.633588581,1,1,35.7432962
785,12.41948762,2414.382275,80.19113604,16.470594,0,0,40.57774866,-105.076999,150809.6301,5959.808681,9.29469142,1,1,32.46892152
786,15.38143512,2193.444314,120,17.254908,0,0,40.5777961,-105.0769974,150815.3222,5965.084725,8.893141357,2,1,27.192878
787,18.17785439,1894.18357,136.6737483,20.000007,0,0,40.57785961,-105.0769986,150815.2199,5972.150292,4.902388169,2,1,20.12731055
788,20.68551971,1987.326945,146,20.000007,0,0,40.5779334,-105.0769995,150830.9719,5980.358331,6.0625,4,1,11.91927183
789,22.96662778,1738.881404,151.445295,20.000007,0,0,40.57801464,-105.0769983,150868.2228,5989.39264,6.1875,5,1,2.884962904
790,25.13841081,1894.947475,149.7241377,19.215693,0,0,40.57810492,-105.0769973,150877.3217,5999.430921,13.7288821,5,3,369.8075544
791,26.7933832,1871.761934,77.34836969,17.254908,0,0,40.57820406,-105.0769982,150856.9483,6010.456055,18.70631911,5,3,358.782421
792,28.0433013,1586.163299,137.5,18.431379,0,0,40.57830966,-105.0770048,150863.4007,6022.21549,-2.20697037,6,3,347.0229862
793,29.39285646,1660.75,141.5,19.215693,0,0,40.57841994,-105.0770162,150861.2561,6034.515029,-8.6875,6,3,334.7234469
794,30.66788022,1720.080815,99,16.1553209,0,0,40.57853602,-105.077025,150828.0654,6047.447103,-0.288425926,6,3,321.7913726
795,30.70453395,1751.159065,6.614974271,0,0,0,40.5786576,-105.0770328,150851.9851,6060.98274,-0.709762611,6,3,308.2557355
796,30.17038851,1689.056177,-15.87805151,0,10.588239,0,40.5787798,-105.0770372,150858.1382,6074.57987,5.879007407,6,3,294.658606
797,29.14811977,1628.165282,-22,0,10.980396,0,40.57889955,-105.0770373,150868.4603,6087.895158,4.6875,6,3,281.3433178
798,28.20312107,1565.907307,-20,0,0,0,40.57901563,-105.0770374,150917.0432,6100.802058,3.375,6,3,268.4364182
799,28.41862798,1681.932576,84.73188974,13.725495,0,0,40.57912808,-105.0770375,150947.7061,6113.306544,6.9375,6,3,255.9319318
800,29.12071968,1703.424785,69.40182065,13.725495,0,0,40.5792407,-105.0770378,150968.7149,6125.828708,5,6,3,243.4097675
801,29.7591413,1736.142599,56.59931855,7.84314,0,0,40.57935576,-105.0770385,150965.6371,6138.62366,4.875,6,3,230.6148159
802,29.9131883,1732.87561,21.38705912,5.098041,0,0,40.57947286,-105.0770395,150988.4034,6151.644116,4.166560913,6,3,217.5943594
803,30.0284458,1722.443457,23.39636262,5.098041,0,0,40.57959181,-105.0770405,150990.555,6164.871595,2.396240312,6,3,204.3668811
804,30.03100936,1725.123818,22.60640685,5.098041,0,1,40.57971028,-105.0770408,150961.8666,6178.044817,2.5,6,3,191.1936592
805,30.06853105,1726.532939,23.88131967,4.705884,0,1,40.57982873,-105.0770404,150914.0603,6191.216444,3.227825608,6,3,178.0220319
806,29.86072702,1722.5,23.5,0,0,1,40.57994739,-105.0770391,150842.3152,6204.41042,5.766799098,6,3,164.8280559
807,29.49631973,1656.25,-12.08508249,0,3.509825729,1,40.58006548,-105.0770374,150840.21,6217.542123,7.375,6,3,151.6963526
808,27.39872141,1523.926714,-20.5,0,20.392164,1,40.58018287,-105.0770382,150830.9246,6230.596729,8.210205823,6,3,138.6417472
809,24.38993642,1352.25,-16,0,21.960792,1,40.58029272,-105.0770399,150766.7905,6242.813355,5.5,6,3,126.4251208
810,21.07808983,1134.41746,-12.37655695,0,22.02659905,1,40.58038976,-105.0770409,150788.5792,6253.603714,4.022985415,6,3,115.6347619
811,18.455811,1373.190815,-15.5,0,20.000007,1,40.58047407,-105.0770418,150871.9474,6262.978203,6.469562911,5,3,106.260273
812,15.52068126,1140.75,-14,0,18.70421656,1,40.58054735,-105.0770427,150908.1587,6271.127066,11.1875,5,3,98.1114096
813,14.47784227,1313.397646,-0.5,0,1.176471,1,40.58061101,-105.0770443,150877.4524,6278.207713,28.72325694,4,3,91.03076276
814,13.75013273,1302.293699,-3.5,0,11.76471,1,40.58066866,-105.0770482,150827.7495,6284.628053,19.74905638,4,3,84.61042319
815,13.74159748,1356.485407,56.33704403,12.941181,0,1,40.58072297,-105.0770548,150816.0575,6290.694346,7.8125,4,3,78.54413001
816,14.57731934,1461.709512,100.8696341,14.01540417,0,1,40.58077604,-105.0770631,150832.2747,6296.635337,-1.038823365,4,3,72.6031392
817,16.05548209,1513.870005,63.27898787,0,0,1,40.58083303,-105.0770719,150844.2437,6303.016694,-11.34954383,4,1,66.22178213
818,16.01775829,1486.732064,-4.143104848,0,2.745099,1,40.58089546,-105.0770804,150872.5014,6309.99525,-11.5625,4,1,59.24322578
819,15.28604452,1444.232301,-4.639083737,0,18.039222,1,40.58095912,-105.0770863,150905.9786,6317.093392,-6.150192826,4,1,52.14508424
820,12.15278874,1150.918502,3,0,22.745106,1,40.58102132,-105.0770886,150889.3372,6324.013526,-2.75,4,1,45.22494992
821,7.932893173,918.0100592,3.79961675,0,25.882362,1,40.581072,-105.0770892,150875.7304,6329.649187,-2.409827346,3,1,39.58928849
822,3.281615594,737.7405804,13.34896377,0,8.557252763,1,40.58110317,-105.0770896,150902.1414,6333.115132,-2.1875,1,2,36.12334343
823,4.581901956,1448.439145,121.5441162,18.039222,0,1,40.58112084,-105.0770897,150913.6394,6335.079906,-0.097835292,1,2,34.15857003
824,9.056593274,2035.953536,140.663787,18.039222,0,1,40.58114025,-105.0770897,150935.0979,6337.239177,0.057237132,1,2,31.99929914
825,13.40537801,2167.991498,86.72398943,16.078437,0,1,40.58117729,-105.0770896,150952.9735,6341.356921,3.658632092,1,2,27.88155527
826,15.37716086,2109.273816,63.69283017,9.019611,0,1,40.58122715,-105.0770891,150973.1409,6346.901281,16.05432595,2,2,22.33719441
827,16.38777585,1562.75,38.33056623,7.84314,0,1,40.58128478,-105.07709,150977.0447,6353.311276,100.8722711,4,2,15.92719986
828,16.87958008,1607.067105,38.16531354,7.450983,0,1,40.58134816,-105.0771016,150959.3487,6360.456165,155.9311191,4,3,8.782310526
829,17.45856985,1670.91772,71.56228359,16.33243235,0,1,40.58140612,-105.0771391,150943.2418,6367.763592,166.1964646,4,3,1.474883456
830,19.81931308,2010.301629,134,19.60785,0,1,NaN,NaN,150918.0725,NaN,103.3303158,4,2,NaN